Circuit Name,No of Lines,No of Gates,Fault Model,Total Faults,GA Approach,Detected Faults,Fault Coverage,Test Set Size,Best Vector Set,Execution Time,Actual Generations,Time Limit Exceeded,Minimization Skipped,date,time
0410184_169,14,46,BF,1196,Directed,1196,100,4,"[10461, 4777, 10114, 10245]",0.1419,1,FALSE,FALSE,02-04-2026,16:47:01
0410184_169,14,46,CAF,549,Directed,549,100,12,"[8024, 11200, 15051, 1683, 12795, 2028, 2837, 7315, 3780, 7904, 1326, 11979]",0.4923,3,FALSE,FALSE,02-04-2026,16:47:00
0410184_169,14,46,GAF,47,Directed,47,100,3,"[13298, 13947, 7666]",0.0077,1,FALSE,FALSE,02-04-2026,16:16:08
0410184_169,14,46,MMGF,91,Directed,91,100,3,"[5911, 12263, 7083]",0.0114,1,FALSE,FALSE,02-04-2026,16:16:08
0410184_169,14,46,PMGF,60,Directed,60,100,5,"[10349, 16039, 5092, 10870, 9816]",0.0271,1,FALSE,FALSE,02-04-2026,16:47:00
0410184_169,14,46,RGF,46,Directed,46,100,3,"[13682, 15658, 4395]",0.1973,2,FALSE,FALSE,02-04-2026,16:16:09
0410184_169,14,46,SAF,190,Directed,190,100,4,"[15236, 5589, 3729, 15215]",0.0302,1,FALSE,FALSE,02-04-2026,16:16:08
0410184_169,14,46,SMGF,46,Directed,46,100,3,"[5411, 6107, 14251]",0.006,1,FALSE,FALSE,02-04-2026,16:16:08
0410184_169,14,46,SAF,190,Random,190,100,5,"[15927, 12412, 5541, 140, 15771]",0.0232,1,FALSE,FALSE,03-04-2026,23:20:46
0410184_169,14,46,MMGF,91,Random,91,100,3,"[15703, 15702, 12242]",0.3381,4,FALSE,FALSE,03-04-2026,23:20:46
0410184_169,14,46,SMGF,46,Random,46,100,3,"[3423, 7221, 10994]",0.0046,1,FALSE,FALSE,03-04-2026,23:20:46
0410184_169,14,46,PMGF,60,Random,60,100,5,"[265, 8606, 9362, 1446, 5069]",0.0084,1,FALSE,FALSE,03-04-2026,23:20:46
0410184_169,14,46,GAF,47,Random,47,100,4,"[9943, 6422, 9578, 9301]",0.0066,1,FALSE,FALSE,03-04-2026,23:20:46
0410184_169,14,46,CAF,549,Random,549,100,10,"[4424, 1808, 16191, 3671, 880, 15687, 4467, 2950, 14111, 4152]",1.2987,15,FALSE,FALSE,03-04-2026,23:20:48
0410184_169,14,46,RGF,46,Random,46,100,3,"[12625, 7947, 11601]",0.0056,1,FALSE,FALSE,03-04-2026,23:20:48
0410184_169,14,46,BF,1196,Random,1196,100,4,"[10481, 664, 6179, 12605]",0.112,1,FALSE,FALSE,03-04-2026,23:20:48
0410184_169,14,46,MBF,6072,Random,6072,100,3,"[10354, 8771, 2221]",0.9252,1,FALSE,FALSE,03-04-2026,23:50:50
0410184_169,14,46,MBF,6072,Directed,6072,100,3,"[11362, 5577, 2370]",0.9029,1,FALSE,FALSE,03-04-2026,23:58:47
3_17_13,3,6,BF,24,Directed,24,100,2,"[7, 5]",0.0006,1,FALSE,FALSE,02-04-2026,16:06:16
3_17_13,3,6,CAF,5,Directed,5,100,2,"[5, 0]",2.1248,14,FALSE,FALSE,02-04-2026,16:06:16
3_17_13,3,6,GAF,7,Directed,7,100,2,"[3, 0]",0.0005,1,FALSE,FALSE,02-04-2026,16:06:14
3_17_13,3,6,MMGF,11,Directed,11,100,2,"[5, 0]",0.0005,1,FALSE,FALSE,02-04-2026,16:06:12
3_17_13,3,6,PMGF,9,Directed,9,100,2,"[7, 6]",1.6077,11,FALSE,FALSE,02-04-2026,16:06:14
3_17_13,3,6,RGF,6,Directed,6,100,2,"[0, 1]",0.0005,1,FALSE,FALSE,02-04-2026,16:06:16
3_17_13,3,6,SAF,26,Directed,26,100,3,"[6, 2, 1]",0.7654,7,FALSE,FALSE,02-04-2026,16:06:09
3_17_13,3,6,SMGF,6,Directed,6,100,2,"[3, 5]",0.5101,5,FALSE,FALSE,02-04-2026,16:06:12
3_17_13,3,6,BF,24,Random,24,100,3,"[2, 1, 3]",0.0005,1,FALSE,FALSE,02-04-2026,16:01:30
3_17_13,3,6,CAF,5,Random,5,100,3,"[6, 0, 1]",1.9472,13,FALSE,FALSE,02-04-2026,16:01:27
3_17_13,3,6,GAF,7,Random,7,100,2,"[7, 4]",0.0005,1,FALSE,FALSE,02-04-2026,16:01:25
3_17_13,3,6,MMGF,11,Random,11,100,3,"[6, 0, 1]",0.0008,1,FALSE,FALSE,02-04-2026,16:01:23
3_17_13,3,6,PMGF,9,Random,9,100,2,"[7, 6]",1.3251,9,FALSE,FALSE,02-04-2026,16:01:25
3_17_13,3,6,RGF,6,Random,6,100,2,"[3, 5]",0.7748,7,FALSE,FALSE,02-04-2026,16:01:30
3_17_13,3,6,SAF,26,Random,26,100,3,"[7, 6, 1]",0.0008,1,FALSE,FALSE,02-04-2026,16:01:23
3_17_13,3,6,SMGF,6,Random,6,100,2,"[0, 3]",0.0004,1,FALSE,FALSE,02-04-2026,16:01:23
4_49_17,4,12,BF,72,Directed,72,100,3,"[10, 11, 4]",0.0012,1,FALSE,FALSE,02-04-2026,16:05:09
4_49_17,4,12,CAF,21,Directed,21,100,4,"[2, 5, 9, 6]",2.531,18,FALSE,FALSE,02-04-2026,16:05:06
4_49_17,4,12,GAF,13,Directed,13,100,2,"[7, 14]",0.0016,1,FALSE,FALSE,02-04-2026,16:05:04
4_49_17,4,12,MMGF,23,Directed,23,100,3,"[5, 9, 15]",0.0005,1,FALSE,FALSE,02-04-2026,16:04:36
4_49_17,4,12,PMGF,20,Directed,20,100,4,"[13, 11, 12, 5]",0.1105,1,FALSE,FALSE,02-04-2026,16:05:04
4_49_17,4,12,RGF,12,Directed,12,100,3,"[12, 11, 10]",0.0007,1,FALSE,FALSE,02-04-2026,16:05:09
4_49_17,4,12,SAF,54,Directed,54,100,4,"[8, 6, 0, 5]",0.001,1,FALSE,FALSE,02-04-2026,16:04:36
4_49_17,4,12,SMGF,12,Directed,12,100,3,"[15, 12, 7]",0.0006,1,FALSE,FALSE,02-04-2026,16:04:36
4_49_17,4,12,BF,72,Random,72,100,3,"[4, 3, 5]",0.0009,1,FALSE,FALSE,02-04-2026,16:00:40
4_49_17,4,12,CAF,21,Random,21,100,4,"[2, 5, 9, 6]",1.152,10,FALSE,FALSE,02-04-2026,16:00:40
4_49_17,4,12,GAF,13,Random,13,100,3,"[2, 4, 1]",0.0009,1,FALSE,FALSE,02-04-2026,16:00:33
4_49_17,4,12,MMGF,23,Random,23,100,3,"[11, 5, 15]",0.0007,1,FALSE,FALSE,02-04-2026,16:00:06
4_49_17,4,12,PMGF,20,Random,20,100,3,"[13, 10, 11]",0.0615,1,FALSE,FALSE,02-04-2026,16:00:33
4_49_17,4,12,RGF,12,Random,12,100,3,"[2, 11, 14]",0.0007,1,FALSE,FALSE,02-04-2026,16:00:40
4_49_17,4,12,SAF,54,Random,54,100,3,"[10, 4, 9]",0.0011,1,FALSE,FALSE,02-04-2026,16:00:06
4_49_17,4,12,SMGF,12,Random,12,100,3,"[15, 12, 7]",0.001,1,FALSE,FALSE,02-04-2026,16:00:06
4_49_17,4,12,MBF,24,Random,24,100,2,"[7, 14]",0.0013,1,FALSE,FALSE,03-04-2026,23:47:38
4_49_17,4,12,MBF,24,Directed,24,100,1,[4],0.0002,1,FALSE,FALSE,03-04-2026,23:58:23
4gt12-v0_86,5,14,BF,112,Directed,112,100,3,"[20, 18, 12]",0.3361,3,FALSE,FALSE,02-04-2026,16:04:19
4gt12-v0_86,5,14,CAF,36,Directed,36,100,8,"[7, 10, 6, 27, 2, 15, 26, 23]",1.1764,8,FALSE,FALSE,02-04-2026,16:04:18
4gt12-v0_86,5,14,GAF,15,Directed,15,100,4,"[2, 14, 31, 24]",0.0023,1,FALSE,FALSE,02-04-2026,16:04:14
4gt12-v0_86,5,14,MMGF,27,Directed,27,100,3,"[3, 29, 7]",0.1273,2,FALSE,FALSE,02-04-2026,16:04:07
4gt12-v0_86,5,14,PMGF,36,Directed,36,100,5,"[29, 19, 11, 23, 7]",1.6524,14,FALSE,FALSE,02-04-2026,16:04:14
4gt12-v0_86,5,14,RGF,14,Directed,14,100,3,"[27, 2, 6]",0.3681,3,FALSE,FALSE,02-04-2026,16:04:19
4gt12-v0_86,5,14,SAF,68,Directed,68,100,4,"[27, 25, 7, 26]",0.0029,1,FALSE,FALSE,02-04-2026,16:04:04
4gt12-v0_86,5,14,SMGF,14,Directed,14,100,2,"[29, 2]",0.0017,1,FALSE,FALSE,02-04-2026,16:04:10
4gt12-v0_86,5,14,BF,112,Random,112,100,3,"[9, 29, 15]",1.8807,15,FALSE,FALSE,02-04-2026,15:59:36
4gt12-v0_86,5,14,CAF,36,Random,36,100,6,"[14, 2, 26, 6, 3, 30]",1.5932,13,FALSE,FALSE,02-04-2026,15:59:27
4gt12-v0_86,5,14,GAF,15,Random,15,100,2,"[21, 2]",0.0026,1,FALSE,FALSE,02-04-2026,15:59:26
4gt12-v0_86,5,14,MMGF,27,Random,27,100,3,"[3, 26, 7]",1.7738,12,FALSE,FALSE,02-04-2026,15:59:14
4gt12-v0_86,5,14,PMGF,36,Random,36,100,4,"[28, 19, 11, 7]",1.3471,11,FALSE,FALSE,02-04-2026,15:59:25
4gt12-v0_86,5,14,RGF,14,Random,14,100,2,"[3, 31]",0.1444,2,FALSE,FALSE,02-04-2026,15:59:34
4gt12-v0_86,5,14,SAF,68,Random,68,100,4,"[27, 16, 9, 22]",0.0028,1,FALSE,FALSE,02-04-2026,15:59:12
4gt12-v0_86,5,14,SMGF,14,Random,14,100,2,"[3, 31]",1.2488,10,FALSE,FALSE,02-04-2026,15:59:19
4gt12-v0_86,5,14,MBF,84,Random,84,100,1,[9],0.0014,1,FALSE,FALSE,03-04-2026,23:47:38
4gt12-v0_86,5,14,MBF,84,Directed,84,100,2,"[10, 26]",0.0026,1,FALSE,FALSE,03-04-2026,23:58:23
alu-v0_26,5,6,BF,48,Directed,48,100,3,"[23, 21, 31]",0.6338,6,FALSE,FALSE,02-04-2026,16:06:07
alu-v0_26,5,6,CAF,16,Directed,16,100,4,"[14, 7, 31, 29]",2.2959,15,FALSE,FALSE,02-04-2026,16:06:06
alu-v0_26,5,6,GAF,7,Directed,7,100,2,"[21, 7]",0.0006,1,FALSE,FALSE,02-04-2026,16:05:56
alu-v0_26,5,6,MMGF,11,Directed,11,100,2,"[27, 20]",0.0006,1,FALSE,FALSE,02-04-2026,16:05:52
alu-v0_26,5,6,PMGF,13,Directed,13,100,3,"[25, 10, 19]",0.9535,8,FALSE,FALSE,02-04-2026,16:05:56
alu-v0_26,5,6,RGF,6,Directed,6,100,2,"[22, 29]",0.894,8,FALSE,FALSE,02-04-2026,16:06:07
alu-v0_26,5,6,SAF,28,Directed,28,100,4,"[31, 19, 13, 22]",0.0008,1,FALSE,FALSE,02-04-2026,16:05:52
alu-v0_26,5,6,SMGF,6,Directed,6,100,2,"[19, 29]",0.2597,3,FALSE,FALSE,02-04-2026,16:05:52
alu-v0_26,5,6,BF,48,Random,48,100,3,"[22, 31, 13]",0.0008,1,FALSE,FALSE,02-04-2026,16:01:20
alu-v0_26,5,6,CAF,16,Random,15,93.75,7,"[7, 23, 24, 29, 16, 12, 27]",3.1956,20,FALSE,FALSE,02-04-2026,16:01:20
alu-v0_26,5,6,GAF,7,Random,7,100,2,"[28, 23]",0.0007,1,FALSE,FALSE,02-04-2026,16:01:09
alu-v0_26,5,6,MMGF,11,Random,11,100,2,"[26, 20]",0.0005,1,FALSE,FALSE,02-04-2026,16:01:08
alu-v0_26,5,6,PMGF,13,Random,13,100,3,"[25, 10, 18]",0.9655,8,FALSE,FALSE,02-04-2026,16:01:09
alu-v0_26,5,6,RGF,6,Random,6,100,3,"[11, 27, 6]",0.0004,1,FALSE,FALSE,02-04-2026,16:01:20
alu-v0_26,5,6,SAF,28,Random,28,100,3,"[27, 8, 21]",0.0007,1,FALSE,FALSE,02-04-2026,16:01:08
alu-v0_26,5,6,SMGF,6,Random,6,100,2,"[20, 29]",0.0004,1,FALSE,FALSE,02-04-2026,16:01:08
alu-v0_26,5,6,MBF,36,Random,36,100,1,[10],0.0011,1,FALSE,FALSE,03-04-2026,23:47:38
alu-v0_26,5,6,MBF,36,Directed,36,100,1,[8],0.0009,1,FALSE,FALSE,03-04-2026,23:58:22
bw_291,87,307,GAF,308,Directed,308,100,9,"[101181, 915215, 214030, 777854, 151115727451828647482514, 606815, 122811, 981963, 30637]",2.0048,1,FALSE,FALSE,03-04-2026,12:24:33
bw_291,87,307,MMGF,613,Directed,613,100,5,"[19342813113834066796325951, 928747, 116879, 382013, 621934]",3.9221,1,FALSE,FALSE,03-04-2026,12:24:24
bw_291,87,307,PMGF,591,Directed,591,100,8,"[542052, 96827, 555490, 141689, 585644, 338881, 1015502, 160276]",5.9542,1,FALSE,FALSE,03-04-2026,12:24:31
bw_291,87,307,RGF,307,Directed,307,100,5,"[279023, 2417851639229258349967167, 170875, 262969, 558343]",1.7262,1,FALSE,FALSE,03-04-2026,13:37:02
bw_291,87,307,SAF,1478,Directed,1470,99.45872801,13,"[137856505328445079901529164, 135404469647668755024575222, 116434677333382742506458680, 135400872388569140503522365, 116283593786816495985653238, 96715283378839846738710079, 119684984883992303279788022, 106385481457836117899900412, 116076066890713836764558838, 19343996011861293163359478, 135404469647668755544419456, 135400872389585359765796342, 116076065737792333229182525]",106.0428,20,FALSE,FALSE,03-04-2026,13:31:18
bw_291,87,307,SMGF,307,Directed,307,100,5,"[73786976294839219903, 875759, 524459, 113821, 18014398509520295]",1.5419,1,FALSE,FALSE,03-04-2026,12:24:25
bw_291,87,307,GAF,308,Random,308,100,9,"[563959, 283895, 337887, 37778931862957162273078, 1099512512344, 833627, 968132, 18446744073709663441, 980332]",2.0744,1,FALSE,FALSE,03-04-2026,10:55:46
bw_291,87,307,MMGF,613,Random,613,100,5,"[786175, 163647, 550127, 14559, 891983]",3.619,1,FALSE,FALSE,03-04-2026,10:55:36
bw_291,87,307,PMGF,591,Random,591,100,9,"[1026308, 472699, 86672, 487165, 141516, 4503599628048327, 871928, 871809, 632706]",5.6194,1,FALSE,FALSE,03-04-2026,10:55:44
bw_291,87,307,RGF,307,Random,307,100,5,"[9007199255438335, 206187, 530575, 60669, 270503]",1.6875,1,FALSE,FALSE,03-04-2026,11:01:06
bw_291,87,307,SAF,1478,Random,1466,99.18809202,10,"[111825679838676461198184212, 107604138986813868873682927, 107637047978240269182044691, 41122674027968172917713166, 107745808902158999728687636, 107594398270101915798819583, 107745809109641808537717268, 111221175411881842846797807, 107615653225710097145990932, 111222651144212535510372238]",103.0505,20,FALSE,FALSE,03-04-2026,10:55:33
bw_291,87,307,SMGF,307,Random,307,100,5,"[873903, 749919, 549756135997, 405803, 574263]",1.7147,1,FALSE,FALSE,03-04-2026,10:55:38
cnt3-5_180,16,20,BF,600,Directed,600,100,3,"[42309, 13909, 40879]",0.0472,1,FALSE,FALSE,02-04-2026,16:06:09
cnt3-5_180,16,20,CAF,260,Directed,260,100,10,"[54416, 29978, 31389, 38155, 32320, 21776, 51664, 62666, 63114, 57408]",0.5528,5,FALSE,FALSE,02-04-2026,16:06:08
cnt3-5_180,16,20,GAF,21,Directed,21,100,2,"[64142, 19711]",0.0028,1,FALSE,FALSE,02-04-2026,16:06:08
cnt3-5_180,16,20,MMGF,39,Directed,39,100,4,"[5588, 64249, 30791, 1435]",0.0037,1,FALSE,FALSE,02-04-2026,16:06:07
cnt3-5_180,16,20,PMGF,70,Directed,70,100,5,"[52647, 65470, 37757, 47846, 56423]",0.4059,4,FALSE,FALSE,02-04-2026,16:06:08
cnt3-5_180,16,20,RGF,20,Directed,20,100,4,"[31354, 54952, 44248, 4803]",0.0666,1,FALSE,FALSE,02-04-2026,16:06:08
cnt3-5_180,16,20,SAF,120,Directed,120,100,3,"[62568, 1431, 27404]",0.0116,1,FALSE,FALSE,02-04-2026,16:06:07
cnt3-5_180,16,20,SMGF,20,Directed,20,100,3,"[38378, 8281, 29409]",0.0648,1,FALSE,FALSE,02-04-2026,16:06:07
cnt3-5_180,16,20,BF,600,Random,600,100,3,"[29013, 10872, 34442]",0.0955,1,FALSE,FALSE,02-04-2026,16:01:23
cnt3-5_180,16,20,CAF,260,Random,260,100,7,"[25688, 31451, 27296, 22155, 1110, 24224, 25632]",0.8704,7,FALSE,FALSE,02-04-2026,16:01:23
cnt3-5_180,16,20,GAF,21,Random,21,100,2,"[15010, 43913]",0.0028,1,FALSE,FALSE,02-04-2026,16:01:20
cnt3-5_180,16,20,MMGF,39,Random,39,100,2,"[28307, 26295]",0.0045,1,FALSE,FALSE,02-04-2026,16:01:20
cnt3-5_180,16,20,PMGF,70,Random,70,100,6,"[49599, 47949, 57846, 36779, 56369, 1126]",0.0076,1,FALSE,FALSE,02-04-2026,16:01:20
cnt3-5_180,16,20,RGF,20,Random,20,100,3,"[33107, 20161, 25633]",0.1113,1,FALSE,FALSE,02-04-2026,16:01:23
cnt3-5_180,16,20,SAF,120,Random,120,100,5,"[62177, 38349, 49497, 678, 35693]",0.012,1,FALSE,FALSE,02-04-2026,16:01:20
cnt3-5_180,16,20,SMGF,20,Random,20,100,2,"[59026, 26515]",0.0679,1,FALSE,FALSE,02-04-2026,16:01:20
cnt3-5_180,16,20,MBF,3640,Random,3640,100,2,"[59946, 20165]",0.4233,1,FALSE,FALSE,03-04-2026,23:47:38
cnt3-5_180,16,20,MBF,3640,Directed,3640,100,3,"[21837, 8810, 20149]",0.4382,1,FALSE,FALSE,03-04-2026,23:58:23
cycle10_2_110,12,19,BF,418,Directed,418,100,3,"[2642, 3392, 597]",0.0231,1,FALSE,FALSE,02-04-2026,16:05:52
cycle10_2_110,12,19,CAF,109,Directed,109,100,5,"[1535, 3326, 2559, 3325, 3582]",2.1201,14,FALSE,FALSE,02-04-2026,16:05:48
cycle10_2_110,12,19,GAF,20,Directed,20,100,2,"[1962, 2418]",0.0632,1,FALSE,FALSE,02-04-2026,16:05:40
cycle10_2_110,12,19,MMGF,37,Directed,37,100,2,"[4095, 4093]",1.4229,12,FALSE,FALSE,02-04-2026,16:05:13
cycle10_2_110,12,19,PMGF,3049,Directed,3017,98.95047557,13,"[4091, 2039, 4077, 2813, 1790, 4030, 2043, 4087, 4029, 3055, 4093, 3837, 2815]",3.9222,20,FALSE,FALSE,02-04-2026,16:05:40
cycle10_2_110,12,19,RGF,19,Directed,19,100,2,"[4093, 4094]",3.635,11,FALSE,FALSE,02-04-2026,16:05:52
cycle10_2_110,12,19,SAF,238,Directed,238,100,4,"[3684, 3223, 865, 3258]",0.016,1,FALSE,FALSE,02-04-2026,16:05:09
cycle10_2_110,12,19,SMGF,19,Directed,19,100,2,"[3581, 3583]",5.9081,17,FALSE,FALSE,02-04-2026,16:05:28
cycle10_2_110,12,19,BF,418,Random,418,100,3,"[2648, 3893, 2737]",0.0217,1,FALSE,FALSE,02-04-2026,16:01:08
cycle10_2_110,12,19,CAF,109,Random,101,92.66055046,5,"[1151, 2110, 3198, 1087, 2175]",2.7059,20,FALSE,FALSE,02-04-2026,16:01:07
cycle10_2_110,12,19,GAF,20,Random,20,100,2,"[3642, 1367]",0.1053,1,FALSE,FALSE,02-04-2026,16:00:59
cycle10_2_110,12,19,MMGF,37,Random,37,100,2,"[4095, 4093]",1.5534,11,FALSE,FALSE,02-04-2026,16:00:41
cycle10_2_110,12,19,PMGF,3049,Random,2974,97.54017711,12,"[3069, 4092, 1791, 2045, 4063, 4089, 4031, 4029, 3805, 2047, 2803, 3839]",4.5807,20,FALSE,FALSE,02-04-2026,16:00:58
cycle10_2_110,12,19,RGF,19,Random,19,100,2,"[4093, 4095]",1.4581,5,FALSE,FALSE,02-04-2026,16:01:08
cycle10_2_110,12,19,SAF,238,Random,238,100,3,"[3997, 96, 3727]",0.014,1,FALSE,FALSE,02-04-2026,16:00:40
cycle10_2_110,12,19,SMGF,19,Random,19,100,2,"[4093, 3071]",5.5381,13,FALSE,FALSE,02-04-2026,16:00:47
cycle10_2_110,12,19,MBF,1710,Random,1710,100,1,[1386],0.0457,1,FALSE,FALSE,03-04-2026,23:47:38
cycle10_2_110,12,19,MBF,1710,Directed,1710,100,2,"[680, 2474]",0.1362,1,FALSE,FALSE,03-04-2026,23:58:23
cycle10_293,39,78,BF,5928,Directed,5852,98.71794872,5,"[321084865866, 354672862428, 275482752220, 355446586698, 311454760266]",32.6159,20,FALSE,FALSE,02-04-2026,16:19:20
cycle10_293,39,78,CAF,2866,Directed,2862,99.86043266,20,"[777806, 34146615, 73014510923, 73174208727, 68870854493, 67415742, 68870626609, 6576884686, 34145591, 1082723627, 73014599113, 68854472383, 67415633, 68854417714, 4454948139, 34178382, 159981247, 139839166, 139838775, 269158711]",21.8993,20,FALSE,FALSE,02-04-2026,16:48:22
cycle10_293,39,78,GAF,79,Directed,79,100,4,"[458671, 57295, 853756, 565199]",0.1711,1,FALSE,FALSE,02-04-2026,16:47:22
cycle10_293,39,78,MMGF,155,Directed,155,100,4,"[949758, 1040125, 274878004734, 97790]",0.2276,1,FALSE,FALSE,02-04-2026,16:16:30
cycle10_293,39,78,PMGF,129,Directed,129,100,8,"[8590821296, 4295692323, 36721260, 4295741205, 101388331, 141734563564, 67378451, 4295512684]",1.5684,7,FALSE,FALSE,02-04-2026,16:16:37
cycle10_293,39,78,RGF,78,Directed,78,100,3,"[38657580255, 36541816761, 107375222683]",2.8812,15,FALSE,FALSE,02-04-2026,16:17:36
cycle10_293,39,78,SAF,352,Directed,348,98.86363636,7,"[223482149704, 159082386814, 138519907251, 156834330184, 139654462271, 23092661055, 159187361150]",7.1864,20,FALSE,FALSE,02-04-2026,16:47:20
cycle10_293,39,78,SMGF,78,Directed,78,100,4,"[68720197566, 73014841295, 68720406061, 68988632847]",0.8087,4,FALSE,FALSE,02-04-2026,16:16:31
cycle10_293,39,78,SAF,352,Random,347,98.57954545,8,"[230458807187, 228305163276, 403643246, 228174419310, 228314815382, 211662218643, 230457809774, 228328100755]",4.2491,20,FALSE,FALSE,03-04-2026,23:38:39
cycle10_293,39,78,MMGF,155,Random,155,100,4,"[34359767037, 338143, 1032189, 65517]",0.1411,1,FALSE,FALSE,03-04-2026,23:38:39
cycle10_293,39,78,SMGF,78,Random,78,100,4,"[68719935359, 103366721431, 69006983167, 68719673213]",0.924,8,FALSE,FALSE,03-04-2026,23:38:40
cycle10_293,39,78,PMGF,129,Random,129,100,9,"[213763, 16862368, 507668, 17196667707, 1074279049, 215694, 725219, 17196667523, 1073763131]",0.522,3,FALSE,FALSE,03-04-2026,23:38:40
cycle10_293,39,78,GAF,79,Random,79,100,4,"[15741, 422630, 280497, 924393]",0.1204,1,FALSE,FALSE,03-04-2026,23:38:40
cycle10_293,39,78,CAF,2866,Random,2858,99.72086532,18,"[339071, 68753149607, 4313381838, 337747, 68716213, 73032821946, 73032027841, 68754035742, 68753980347, 867341, 68720394561, 73032858562, 135109813, 69827721983, 73014531922, 380671, 73032821954, 69827722178]",12.1837,20,FALSE,FALSE,03-04-2026,23:39:15
cycle10_293,39,78,RGF,78,Random,78,100,4,"[708095, 569191, 67694227, 13547]",0.1116,1,FALSE,FALSE,03-04-2026,23:39:15
cycle10_293,39,78,BF,5928,Random,5816,98.11066127,6,"[159125974701, 21718936375, 52144561071, 159124009695, 21718673581, 51741503287]",18.1847,20,FALSE,FALSE,03-04-2026,23:40:14
cycle17_3_112,20,48,BF,1824,Directed,1824,100,3,"[874178, 500307, 285915]",0.6722,1,FALSE,FALSE,02-04-2026,16:38:11
cycle17_3_112,20,48,CAF,503,Directed,377,74.95029821,10,"[393727, 655871, 131583, 789758, 396542, 790013, 396541, 831995, 393726, 937470]",3.871,20,FALSE,FALSE,02-04-2026,17:09:20
cycle17_3_112,20,48,GAF,49,Directed,49,100,3,"[651892, 585115, 1014472]",0.0105,1,FALSE,FALSE,02-04-2026,16:37:58
cycle17_3_112,20,48,MMGF,95,Directed,95,100,3,"[1048575, 1048569, 1048571]",2.5238,19,FALSE,FALSE,02-04-2026,16:22:36
cycle17_3_112,20,48,PMGF,458698,Directed,378428,82.50046872,24,"[458493, 507869, 1040313, 491003, 458711, 491437, 933847, 442297, 442293, 481276, 415740, 1040297, 458165, 933626, 483285, 1048317, 245498, 490933, 1040301, 817111, 1038293, 1032188, 425388, 1005564]",308.1879,5,TRUE,FALSE,02-04-2026,16:37:58
cycle17_3_112,20,48,RGF,48,Directed,48,100,3,"[1048573, 1048571, 1048569]",1.8404,12,FALSE,FALSE,02-04-2026,16:38:10
cycle17_3_112,20,48,SAF,914,Directed,914,100,4,"[1011987, 641771, 466276, 676263]",0.2119,1,FALSE,FALSE,02-04-2026,16:22:26
cycle17_3_112,20,48,SMGF,48,Directed,48,100,3,"[1048575, 262143, 393215]",1.7556,14,FALSE,FALSE,02-04-2026,16:22:40
cycle17_3_112,20,48,SAF,914,Random,914,100,3,"[1036640, 156379, 900646]",0.1393,1,FALSE,FALSE,03-04-2026,23:20:48
cycle17_3_112,20,48,MMGF,95,Random,95,100,3,"[1048573, 1048571, 524285]",0.9289,14,FALSE,FALSE,03-04-2026,23:20:50
cycle17_3_112,20,48,SMGF,48,Random,47,97.91666667,4,"[1015807, 720891, 1015803, 786431]",1.4039,20,FALSE,FALSE,03-04-2026,23:20:55
cycle17_3_112,20,48,PMGF,458698,Random,435328,94.90514456,32,"[524284, 524277, 524279, 425973, 522236, 409597, 409596, 933879, 524285, 933877, 946167, 524125, 913399, 524222, 522239, 684023, 520183, 524151, 409591, 651255, 409598, 409437, 685943, 423773, 980988, 913407, 687870, 783321, 520925, 933820, 933886, 650973]",306.5393,9,TRUE,FALSE,03-04-2026,23:36:13
cycle17_3_112,20,48,GAF,49,Random,49,100,3,"[921045, 505813, 931624]",0.0112,1,FALSE,FALSE,03-04-2026,23:36:13
cycle17_3_112,20,48,CAF,503,Random,433,86.08349901,8,"[921597, 264190, 397309, 528380, 919549, 395261, 702395, 459391]",1.7834,20,FALSE,FALSE,03-04-2026,23:36:19
cycle17_3_112,20,48,RGF,48,Random,48,100,3,"[1048575, 1048569, 1048571]",0.8301,13,FALSE,FALSE,03-04-2026,23:36:19
cycle17_3_112,20,48,BF,1824,Random,1824,100,3,"[317016, 955194, 340245]",0.3494,1,FALSE,FALSE,03-04-2026,23:36:20
cycle17_3_112,20,48,MBF,14688,Random,14688,100,3,"[828069, 535105, 631122]",3.0992,1,FALSE,FALSE,03-04-2026,23:50:53
cycle17_3_112,20,48,MBF,14688,Directed,14688,100,3,"[208293, 105773, 730256]",3.2493,1,FALSE,FALSE,03-04-2026,23:58:50
graycode6_47,6,5,BF,50,Directed,50,100,3,"[41, 44, 34]",0.0016,1,FALSE,FALSE,02-04-2026,16:06:30
graycode6_47,6,5,CAF,20,Directed,20,100,5,"[49, 27, 56, 39, 12]",0.1135,1,FALSE,FALSE,02-04-2026,16:06:30
graycode6_47,6,5,GAF,6,Directed,6,100,2,"[48, 14]",0.0008,1,FALSE,FALSE,02-04-2026,16:06:16
graycode6_47,6,5,MMGF,9,Directed,9,100,1,[62],0.0003,1,FALSE,FALSE,02-04-2026,16:06:16
graycode6_47,6,5,PMGF,5,Directed,5,100,1,[1],0.0007,1,FALSE,FALSE,02-04-2026,16:06:16
graycode6_47,6,5,RGF,5,Directed,5,100,2,"[54, 10]",0.0006,1,FALSE,FALSE,02-04-2026,16:06:30
graycode6_47,6,5,SAF,20,Directed,20,100,2,"[42, 21]",0.1026,1,FALSE,FALSE,02-04-2026,16:06:16
graycode6_47,6,5,SMGF,5,Directed,5,100,2,"[61, 3]",0.0008,1,FALSE,FALSE,02-04-2026,16:06:16
graycode6_47,6,5,BF,50,Random,50,100,3,"[27, 53, 6]",0.0009,1,FALSE,FALSE,02-04-2026,16:01:32
graycode6_47,6,5,CAF,20,Random,20,100,4,"[35, 47, 28, 22]",1.2542,3,FALSE,FALSE,02-04-2026,16:01:32
graycode6_47,6,5,GAF,6,Random,6,100,2,"[23, 49]",0.0006,1,FALSE,FALSE,02-04-2026,16:01:30
graycode6_47,6,5,MMGF,9,Random,9,100,2,"[49, 14]",0.0005,1,FALSE,FALSE,02-04-2026,16:01:30
graycode6_47,6,5,PMGF,5,Random,5,100,2,"[24, 38]",0.0011,1,FALSE,FALSE,02-04-2026,16:01:30
graycode6_47,6,5,RGF,5,Random,5,100,2,"[39, 25]",0.0004,1,FALSE,FALSE,02-04-2026,16:01:32
graycode6_47,6,5,SAF,20,Random,20,100,3,"[44, 17, 27]",0.0634,1,FALSE,FALSE,02-04-2026,16:01:30
graycode6_47,6,5,SMGF,5,Random,5,100,2,"[61, 10]",0.0005,1,FALSE,FALSE,02-04-2026,16:01:30
graycode6_47,6,5,MBF,60,Random,60,100,2,"[46, 47]",0.0026,1,FALSE,FALSE,03-04-2026,23:47:38
graycode6_47,6,5,MBF,60,Directed,60,100,2,"[19, 27]",0.0022,1,FALSE,FALSE,03-04-2026,23:58:22
ham15_107,15,132,BF,3696,Directed,3696,100,5,"[21800, 11333, 27995, 28784, 10871]",1.995,1,FALSE,FALSE,03-04-2026,13:03:59
ham15_107,15,132,CAF,1496,Directed,1454,97.19251337,22,"[27680, 32292, 26626, 10818, 23588, 30180, 31460, 31746, 23562, 26660, 32518, 27204, 15362, 32416, 11312, 27650, 29728, 31748, 23616, 16032, 32514, 31396]",6.9505,20,FALSE,FALSE,03-04-2026,13:03:54
ham15_107,15,132,GAF,133,Directed,133,100,4,"[20414, 23270, 21308, 3541]",0.115,1,FALSE,FALSE,03-04-2026,13:03:33
ham15_107,15,132,MMGF,263,Directed,263,100,9,"[32689, 26687, 29042, 17014, 20952, 19404, 17013, 19348, 25458]",0.2022,1,FALSE,FALSE,03-04-2026,13:02:56
ham15_107,15,132,PMGF,1342,Directed,1339,99.77645306,14,"[16117, 30248, 24244, 31332, 28404, 32328, 22196, 32116, 24136, 30229, 20213, 29284, 13940, 29810]",9.0692,20,FALSE,FALSE,03-04-2026,14:07:05
ham15_107,15,132,RGF,132,Directed,132,100,9,"[32292, 27684, 22984, 11300, 30536, 24100, 30376, 15880, 7240]",2.5624,12,FALSE,FALSE,03-04-2026,13:03:57
ham15_107,15,132,SAF,968,Directed,968,100,5,"[31244, 823, 11769, 23383, 30786]",0.5175,1,FALSE,FALSE,03-04-2026,13:02:56
ham15_107,15,132,SMGF,132,Directed,132,100,9,"[32496, 24462, 29292, 28400, 12174, 24556, 32364, 15730, 8078]",1.8214,11,FALSE,FALSE,03-04-2026,13:03:03
ham15_107,15,132,BF,3696,Random,3696,100,5,"[31575, 8410, 29335, 22679, 23383]",1.5768,1,FALSE,FALSE,03-04-2026,11:39:26
ham15_107,15,132,CAF,1496,Random,1453,97.12566845,21,"[32288, 21024, 27396, 29348, 23968, 28056, 23109, 27296, 32004, 10821, 31904, 24088, 29252, 27300, 11808, 31392, 28192, 21056, 28064, 31296, 23960]",6.8009,20,FALSE,FALSE,03-04-2026,11:39:23
ham15_107,15,132,GAF,133,Random,133,100,4,"[13805, 2487, 7069, 12319]",0.2757,1,FALSE,FALSE,03-04-2026,11:39:01
ham15_107,15,132,MMGF,263,Random,263,100,9,"[30647, 28260, 28356, 23865, 21984, 21987, 10852, 30596, 21943]",0.402,1,FALSE,FALSE,03-04-2026,11:38:27
ham15_107,15,132,PMGF,1342,Random,1335,99.47839046,16,"[16318, 24494, 29226, 32271, 28606, 31294, 31918, 21054, 27151, 29239, 24107, 32258, 19983, 12846, 31266, 16931]",9.1817,20,FALSE,FALSE,03-04-2026,11:39:01
ham15_107,15,132,RGF,132,Random,132,100,8,"[32702, 27071, 23903, 20817, 29535, 11194, 16318, 7514]",1.4028,10,FALSE,FALSE,03-04-2026,11:39:24
ham15_107,15,132,SAF,968,Random,968,100,6,"[27383, 5445, 20186, 24918, 13094, 24762]",0.9818,1,FALSE,FALSE,03-04-2026,11:38:27
ham15_107,15,132,SMGF,132,Random,132,100,9,"[32500, 26868, 23064, 10784, 30964, 23348, 15540, 7358, 8736]",1.0656,8,FALSE,FALSE,03-04-2026,11:38:32
ham15_298,45,153,BF,13464,Directed,13464,100,6,"[1447689333074, 5813911671542, 5781084831950, 17905735575890, 5785338499410, 5841164132690]",135.6963,15,FALSE,FALSE,03-04-2026,14:06:36
ham15_298,45,153,CAF,6575,Directed,6572,99.95437262,18,"[4380726, 1099512114125, 4295351880, 1100586237271, 193205, 1099511807418, 1073912781, 486194, 1099512010024, 1103807351899, 1103807051223, 4380722, 73014761526, 16960983, 1103810975750, 1082301366, 1100586039989, 73014613709]",76.0887,20,FALSE,FALSE,03-04-2026,12:58:19
ham15_298,45,153,GAF,154,Directed,154,100,6,"[97017, 223739, 386287, 670876, 507323, 962999]",0.3459,1,FALSE,FALSE,03-04-2026,12:54:33
ham15_298,45,153,MMGF,305,Directed,305,100,4,"[137439444560, 630092, 359727, 24969]",1.1333,1,FALSE,FALSE,03-04-2026,14:00:50
ham15_298,45,153,PMGF,196,Directed,196,100,5,"[369860, 282146, 233858, 2147651528, 364934]",0.3702,1,FALSE,FALSE,03-04-2026,12:54:32
ham15_298,45,153,RGF,153,Directed,153,100,4,"[286652, 802127, 104922, 489598]",0.2937,1,FALSE,FALSE,03-04-2026,12:58:19
ham15_298,45,153,SAF,620,Directed,615,99.19354839,8,"[29583755347275, 29562279083525, 150403835397, 11029496248566, 11959590558021, 11958348965366, 29562480408822, 167583704395]",12.4153,20,FALSE,FALSE,03-04-2026,12:54:31
ham15_298,45,153,SMGF,153,Directed,153,100,4,"[274877954687, 227784, 906998, 597774]",0.3008,1,FALSE,FALSE,03-04-2026,12:54:32
ham15_298,45,153,BF,13464,Random,13378,99.36125966,7,"[2562292296341, 8798278297941, 1237294888020, 2478230251156, 8798815499412, 2493501250388, 1237294557845]",179.2638,20,FALSE,FALSE,03-04-2026,11:38:26
ham15_298,45,153,CAF,6575,Random,6572,99.95437262,18,"[1015285, 1103807535818, 69793388814, 1103806620027, 5369060885, 1099511656326, 68719817837, 9083602, 1099512498445, 21691, 1012418, 12885035461, 1015266, 1073765061, 1014469, 21695, 1074660853, 403593930]",80.7935,20,FALSE,FALSE,03-04-2026,11:29:52
ham15_298,45,153,GAF,154,Random,154,100,6,"[359673, 17180658622, 23103, 561131, 889544, 821063]",0.3273,1,FALSE,FALSE,03-04-2026,11:26:06
ham15_298,45,153,MMGF,305,Random,305,100,4,"[194821, 194837, 613772, 1010930]",0.6128,1,FALSE,FALSE,03-04-2026,11:26:05
ham15_298,45,153,PMGF,196,Random,196,100,5,"[134209, 430968, 116383, 436076, 17582433]",0.375,1,FALSE,FALSE,03-04-2026,11:26:05
ham15_298,45,153,RGF,153,Random,153,100,4,"[950247, 188248, 81774, 433838]",0.2956,1,FALSE,FALSE,03-04-2026,11:29:53
ham15_298,45,153,SAF,620,Random,615,99.19354839,8,"[34262330575735, 5102975517960, 33140001503880, 33140001499400, 27498830392183, 33140547192072, 34231460297352, 4711883933551]",12.7389,20,FALSE,FALSE,03-04-2026,11:26:04
ham15_298,45,153,SMGF,153,Random,153,100,4,"[130389, 401102, 580987, 933370]",0.3167,1,FALSE,FALSE,03-04-2026,11:26:05
ham3_102,3,5,BF,20,Directed,20,100,2,"[4, 2]",0.0609,1,FALSE,FALSE,02-04-2026,16:04:25
ham3_102,3,5,CAF,4,Directed,4,100,3,"[7, 6, 4]",0.9137,8,FALSE,FALSE,02-04-2026,16:04:25
ham3_102,3,5,GAF,6,Directed,6,100,2,"[5, 1]",0.0004,1,FALSE,FALSE,02-04-2026,16:04:21
ham3_102,3,5,MMGF,9,Directed,9,100,3,"[1, 5, 7]",0.0005,1,FALSE,FALSE,02-04-2026,16:04:20
ham3_102,3,5,PMGF,7,Directed,7,100,3,"[0, 2, 5]",0.3896,4,FALSE,FALSE,02-04-2026,16:04:21
ham3_102,3,5,RGF,5,Directed,5,100,2,"[2, 6]",0.2592,3,FALSE,FALSE,02-04-2026,16:04:25
ham3_102,3,5,SAF,22,Directed,22,100,4,"[7, 0, 4, 6]",0.8201,6,FALSE,FALSE,02-04-2026,16:04:20
ham3_102,3,5,SMGF,5,Directed,5,100,2,"[5, 6]",1.1242,8,FALSE,FALSE,02-04-2026,16:04:21
ham3_102,3,5,BF,20,Random,20,100,2,"[4, 2]",0.0608,1,FALSE,FALSE,02-04-2026,15:59:54
ham3_102,3,5,CAF,4,Random,4,100,3,"[7, 6, 4]",0.7758,7,FALSE,FALSE,02-04-2026,15:59:40
ham3_102,3,5,GAF,6,Random,6,100,2,"[5, 3]",0.0003,1,FALSE,FALSE,02-04-2026,15:59:39
ham3_102,3,5,MMGF,9,Random,9,100,2,"[6, 5]",0.125,2,FALSE,FALSE,02-04-2026,15:59:37
ham3_102,3,5,PMGF,7,Random,7,100,3,"[3, 7, 5]",0.0003,1,FALSE,FALSE,02-04-2026,15:59:39
ham3_102,3,5,RGF,5,Random,5,100,2,"[7, 3]",0.0003,1,FALSE,FALSE,02-04-2026,15:59:40
ham3_102,3,5,SAF,22,Random,22,100,3,"[7, 0, 3]",0.7835,7,FALSE,FALSE,02-04-2026,15:59:36
ham3_102,3,5,SMGF,5,Random,5,100,2,"[2, 6]",0.0003,1,FALSE,FALSE,02-04-2026,15:59:37
ham7_104,7,23,BF,276,Directed,276,100,3,"[114, 100, 66]",0.0167,1,FALSE,FALSE,02-04-2026,16:38:24
ham7_104,7,23,CAF,104,Directed,104,100,7,"[112, 84, 72, 68, 52, 116, 58]",2.1922,18,FALSE,FALSE,02-04-2026,16:38:21
ham7_104,7,23,GAF,24,Directed,24,100,3,"[90, 101, 124]",0.0012,1,FALSE,FALSE,02-04-2026,16:38:13
ham7_104,7,23,MMGF,45,Directed,45,100,4,"[73, 117, 81, 49]",0.4734,4,FALSE,FALSE,02-04-2026,16:38:11
ham7_104,7,23,PMGF,53,Directed,53,100,5,"[111, 63, 127, 88, 75]",0.1404,2,FALSE,FALSE,02-04-2026,16:38:13
ham7_104,7,23,RGF,23,Directed,23,100,5,"[117, 64, 84, 106, 61]",0.1617,2,FALSE,FALSE,02-04-2026,16:38:24
ham7_104,7,23,SAF,114,Directed,114,100,4,"[127, 8, 81, 120]",0.0044,1,FALSE,FALSE,02-04-2026,17:09:25
ham7_104,7,23,SMGF,23,Directed,23,100,4,"[68, 127, 95, 60]",2.2703,17,FALSE,FALSE,02-04-2026,16:38:13
ham7_104,7,23,SAF,114,Random,114,100,5,"[115, 38, 26, 62, 100]",0.0042,1,FALSE,FALSE,03-04-2026,23:40:14
ham7_104,7,23,MMGF,45,Random,45,100,4,"[126, 63, 94, 78]",0.5803,7,FALSE,FALSE,03-04-2026,23:40:16
ham7_104,7,23,SMGF,23,Random,23,100,4,"[117, 73, 85, 53]",0.5347,8,FALSE,FALSE,03-04-2026,23:40:19
ham7_104,7,23,PMGF,53,Random,53,100,5,"[59, 87, 123, 101, 69]",1.2969,13,FALSE,FALSE,03-04-2026,23:40:20
ham7_104,7,23,GAF,24,Random,24,100,3,"[30, 13, 25]",0.0015,1,FALSE,FALSE,03-04-2026,23:40:20
ham7_104,7,23,CAF,104,Random,104,100,8,"[112, 72, 116, 48, 68, 118, 80, 86]",1.0961,10,FALSE,FALSE,03-04-2026,23:40:21
ham7_104,7,23,RGF,23,Random,23,100,4,"[118, 66, 54, 86]",0.2696,4,FALSE,FALSE,03-04-2026,23:40:23
ham7_104,7,23,BF,276,Random,276,100,5,"[81, 86, 125, 13, 105]",0.0081,1,FALSE,FALSE,03-04-2026,23:40:23
ham7_104,7,23,MBF,460,Random,460,100,2,"[37, 84]",0.0164,1,FALSE,FALSE,03-04-2026,23:56:43
ham7_104,7,23,MBF,460,Directed,460,100,2,"[5, 52]",0.0272,1,FALSE,FALSE,04-04-2026,00:05:13
hwb4_51,4,11,BF,66,Directed,66,100,2,"[6, 12]",0.0016,1,FALSE,FALSE,02-04-2026,16:04:36
hwb4_51,4,11,CAF,12,Directed,12,100,3,"[9, 5, 12]",1.2241,9,FALSE,FALSE,02-04-2026,16:04:36
hwb4_51,4,11,GAF,12,Directed,12,100,2,"[4, 15]",0.0016,1,FALSE,FALSE,02-04-2026,16:04:34
hwb4_51,4,11,MMGF,21,Directed,21,100,3,"[14, 5, 4]",0.0006,1,FALSE,FALSE,02-04-2026,16:04:25
hwb4_51,4,11,PMGF,12,Directed,11,91.66666667,6,"[5, 3, 1, 6, 4, 2]",2.6331,20,FALSE,FALSE,02-04-2026,16:04:34
hwb4_51,4,11,RGF,11,Directed,11,100,3,"[11, 7, 13]",0.4013,4,FALSE,FALSE,02-04-2026,16:04:36
hwb4_51,4,11,SAF,64,Directed,64,100,5,"[15, 4, 10, 9, 5]",0.1252,2,FALSE,FALSE,02-04-2026,16:04:25
hwb4_51,4,11,SMGF,11,Directed,11,100,2,"[14, 13]",0.3928,4,FALSE,FALSE,02-04-2026,16:04:26
hwb4_51,4,11,BF,66,Random,66,100,4,"[3, 12, 13, 4]",0.0012,1,FALSE,FALSE,02-04-2026,16:00:06
hwb4_51,4,11,CAF,12,Random,12,100,4,"[9, 12, 10, 2]",1.8268,15,FALSE,FALSE,02-04-2026,16:00:06
hwb4_51,4,11,GAF,12,Random,12,100,2,"[14, 9]",0.0007,1,FALSE,FALSE,02-04-2026,16:00:01
hwb4_51,4,11,MMGF,21,Random,21,100,3,"[14, 5, 12]",0.0009,1,FALSE,FALSE,02-04-2026,16:00:00
hwb4_51,4,11,PMGF,12,Random,12,100,5,"[9, 8, 5, 12, 4]",0.131,2,FALSE,FALSE,02-04-2026,16:00:01
hwb4_51,4,11,RGF,11,Random,11,100,2,"[14, 13]",0.0008,1,FALSE,FALSE,02-04-2026,16:00:06
hwb4_51,4,11,SAF,64,Random,64,100,4,"[13, 5, 9, 6]",0.0011,1,FALSE,FALSE,02-04-2026,15:59:54
hwb4_51,4,11,SMGF,11,Random,11,100,4,"[9, 13, 12, 7]",1.0464,8,FALSE,FALSE,02-04-2026,16:00:01
hwb4_51,4,11,MBF,22,Random,22,100,1,[4],0.0006,1,FALSE,FALSE,03-04-2026,23:47:38
hwb4_51,4,11,MBF,22,Directed,22,100,1,[13],0.0004,1,FALSE,FALSE,03-04-2026,23:58:23
hwb5_300,28,88,BF,4752,Directed,4752,100,5,"[136927177, 9190373, 176962537, 136926534, 136931502]",9.4178,9,FALSE,FALSE,02-04-2026,16:52:48
hwb5_300,28,88,CAF,2245,Directed,2245,100,16,"[55647, 134810314, 29067, 1837821, 786903, 591198, 134545851, 135006599, 51868, 1854926, 134545837, 134532534, 67164510, 134809950, 17564119, 2811]",13.0185,19,FALSE,FALSE,02-04-2026,16:52:04
hwb5_300,28,88,GAF,89,Directed,89,100,5,"[694443, 641052, 806629, 641053, 550983]",0.1412,1,FALSE,FALSE,02-04-2026,16:20:54
hwb5_300,28,88,MMGF,175,Directed,175,100,4,"[771935, 515886, 18861, 630766]",0.2279,1,FALSE,FALSE,02-04-2026,16:51:38
hwb5_300,28,88,PMGF,178,Directed,178,100,5,"[701704, 1022247, 862880, 891412, 514939]",0.1769,1,FALSE,FALSE,02-04-2026,16:51:38
hwb5_300,28,88,RGF,88,Directed,88,100,4,"[765023, 20511, 741343, 134643]",0.2271,1,FALSE,FALSE,02-04-2026,16:21:03
hwb5_300,28,88,SAF,438,Directed,438,100,9,"[245816330, 236619153, 160094631, 234951803, 245814795, 111576571, 245815717, 236633489, 164271114]",3.5434,13,FALSE,FALSE,02-04-2026,16:51:38
hwb5_300,28,88,SMGF,88,Directed,88,100,4,"[378715, 48874, 76077, 355446]",0.1342,1,FALSE,FALSE,02-04-2026,16:20:54
hwb5_300,28,88,SAF,438,Random,437,99.7716895,6,"[189745855, 186066916, 143206897, 85403647, 189585279, 189739141]",3.1863,20,FALSE,FALSE,03-04-2026,23:37:26
hwb5_300,28,88,MMGF,175,Random,175,100,4,"[440415, 4460381, 47199, 997471]",0.1218,1,FALSE,FALSE,03-04-2026,23:37:26
hwb5_300,28,88,SMGF,88,Random,88,100,5,"[818315, 265303, 174558, 905939, 420477]",0.0781,1,FALSE,FALSE,03-04-2026,23:37:26
hwb5_300,28,88,PMGF,178,Random,178,100,7,"[123912, 77461, 575414, 951375, 184945, 50314, 155237]",0.1032,1,FALSE,FALSE,03-04-2026,23:37:27
hwb5_300,28,88,GAF,89,Random,89,100,4,"[821656, 618885, 162839, 135085441]",0.0767,1,FALSE,FALSE,03-04-2026,23:37:27
hwb5_300,28,88,CAF,2245,Random,2245,100,15,"[446303, 1059291, 1059820, 603191, 67555311, 17219910, 595801, 603135, 783498, 628999, 755356, 67236187, 446444, 4321606, 464822]",6.7296,19,FALSE,FALSE,03-04-2026,23:37:47
hwb5_300,28,88,RGF,88,Random,88,100,4,"[127, 576777, 310423, 1042075]",0.0739,1,FALSE,FALSE,03-04-2026,23:37:47
hwb5_300,28,88,BF,4752,Random,4752,100,7,"[71924469, 71838461, 6910711, 76163907, 101595893, 6912833, 74021613]",6.1754,11,FALSE,FALSE,03-04-2026,23:37:53
hwb5_300,28,88,MBF,57200,Random,57200,100,7,"[134821461, 9326252, 34379357, 996939, 9343773, 824909, 472649]",38.4408,3,FALSE,FALSE,03-04-2026,23:51:36
hwb5_300,28,88,MBF,57200,Directed,57200,100,5,"[68371434, 73819626, 69628228, 68371234, 67970538]",65.6102,7,FALSE,FALSE,04-04-2026,00:00:01
hwb5_54,5,24,BF,192,Directed,192,100,3,"[9, 13, 14]",0.0081,1,FALSE,FALSE,02-04-2026,16:51:34
hwb5_54,5,24,CAF,42,Directed,41,97.61904762,8,"[18, 12, 22, 21, 11, 10, 28, 13]",2.5783,20,FALSE,FALSE,02-04-2026,16:51:33
hwb5_54,5,24,GAF,25,Directed,25,100,3,"[21, 19, 25]",0.0014,1,FALSE,FALSE,02-04-2026,16:20:24
hwb5_54,5,24,MMGF,47,Directed,47,100,3,"[29, 23, 15]",1.0837,8,FALSE,FALSE,02-04-2026,16:20:15
hwb5_54,5,24,PMGF,44,Directed,43,97.72727273,7,"[5, 19, 7, 13, 3, 21, 11]",3.3867,20,FALSE,FALSE,02-04-2026,16:20:24
hwb5_54,5,24,RGF,24,Directed,24,100,3,"[29, 15, 23]",0.4011,4,FALSE,FALSE,02-04-2026,16:20:36
hwb5_54,5,24,SAF,156,Directed,156,100,4,"[30, 3, 12, 20]",0.0061,1,FALSE,FALSE,02-04-2026,16:20:14
hwb5_54,5,24,SMGF,24,Directed,24,100,4,"[29, 22, 17, 14]",0.4888,4,FALSE,FALSE,02-04-2026,16:20:16
hwb5_54,5,24,SAF,156,Random,156,100,5,"[31, 4, 28, 21, 26]",1.5771,17,FALSE,FALSE,03-04-2026,23:37:06
hwb5_54,5,24,MMGF,47,Random,47,100,4,"[29, 26, 11, 30]",0.2128,4,FALSE,FALSE,03-04-2026,23:37:06
hwb5_54,5,24,SMGF,24,Random,24,100,5,"[26, 22, 30, 27, 15]",1.0543,14,FALSE,FALSE,03-04-2026,23:37:08
hwb5_54,5,24,PMGF,44,Random,42,95.45454545,7,"[7, 10, 11, 26, 22, 6, 14]",1.4815,20,FALSE,FALSE,03-04-2026,23:37:12
hwb5_54,5,24,GAF,25,Random,25,100,2,"[31, 11]",0.0011,1,FALSE,FALSE,03-04-2026,23:37:12
hwb5_54,5,24,CAF,42,Random,39,92.85714286,6,"[17, 18, 22, 9, 25, 10]",1.3087,20,FALSE,FALSE,03-04-2026,23:37:16
hwb5_54,5,24,RGF,24,Random,24,100,4,"[29, 23, 13, 17]",0.4119,7,FALSE,FALSE,03-04-2026,23:37:17
hwb5_54,5,24,BF,192,Random,192,100,4,"[13, 26, 28, 27]",0.0048,1,FALSE,FALSE,03-04-2026,23:37:17
hwb5_54,5,24,MBF,144,Random,144,100,1,[5],0.0106,1,FALSE,FALSE,03-04-2026,23:50:57
hwb5_54,5,24,MBF,144,Directed,144,100,2,"[9, 22]",0.0047,1,FALSE,FALSE,03-04-2026,23:58:55
hwb6_301,46,159,BF,14310,Directed,14304,99.95807128,6,"[36387642740717, 39904676215446, 8834781634502, 36388742606998, 36387101695967, 39892362178709]",201.4005,20,FALSE,FALSE,03-04-2026,13:25:23
hwb6_301,46,159,CAF,6914,Directed,6914,100,22,"[25217083, 549756099167, 71676, 4299489207, 4299446236, 51226, 695784903115, 8796110460927, 2748779325261, 549890197623, 8804683252175, 8804683154002, 549756099387, 4295006127, 549891348477, 17102078, 549756070583, 549756068299, 691490066775, 1346380, 549890198206, 8796118239435]",78.4608,17,FALSE,FALSE,03-04-2026,12:09:08
hwb6_301,46,159,GAF,160,Directed,160,100,5,"[847905, 17592186617466, 672030, 669077, 432022]",0.6284,1,FALSE,FALSE,03-04-2026,13:11:17
hwb6_301,46,159,MMGF,317,Directed,317,100,5,"[442591, 1045631, 1099512033079, 557529, 569143]",0.9105,1,FALSE,FALSE,03-04-2026,12:05:04
hwb6_301,46,159,PMGF,328,Directed,328,100,8,"[17180674753, 57692, 714786, 82263, 805390, 437337, 983859, 376588]",1.0719,1,FALSE,FALSE,03-04-2026,12:05:06
hwb6_301,46,159,RGF,159,Directed,159,100,4,"[1002491, 644830, 68154639, 1014479]",0.4983,1,FALSE,FALSE,03-04-2026,12:09:08
hwb6_301,46,159,SAF,800,Directed,797,99.625,7,"[66342281695132, 44009591121962, 22338689019153, 62427113498961, 66319153932904, 64625368515348, 26777041392404]",19.7717,20,FALSE,FALSE,03-04-2026,13:11:14
hwb6_301,46,159,SMGF,159,Directed,159,100,4,"[787583, 1023162, 689117, 137439198391]",0.5469,1,FALSE,FALSE,03-04-2026,12:05:05
hwb6_301,46,159,BF,14310,Random,14224,99.39902166,7,"[22681991426413, 4416451818986, 1408887874026, 4398131098858, 4402341656021, 22681722467805, 4406640828906]",205.2515,20,FALSE,FALSE,03-04-2026,10:49:34
hwb6_301,46,159,CAF,6914,Random,6910,99.94214637,26,"[4467323, 549755820090, 6811, 4200478, 273557, 273356, 549755932527, 4200499, 8590480655, 274878025582, 67833913, 8796093291190, 279323, 4249657, 956958, 549756539895, 549755901231, 4201142, 4200470, 1077941210, 146028894878, 549755901225, 549827123251, 549756088175, 4257270, 146029161621]",91.5099,20,FALSE,FALSE,03-04-2026,10:39:49
hwb6_301,46,159,GAF,160,Random,160,100,6,"[711849, 425658, 508711, 269222335, 744956, 98805]",0.3605,1,FALSE,FALSE,03-04-2026,10:35:34
hwb6_301,46,159,MMGF,317,Random,317,100,5,"[696381, 662047, 412207, 756255, 185206]",0.701,1,FALSE,FALSE,03-04-2026,10:35:32
hwb6_301,46,159,PMGF,328,Random,328,100,9,"[731360, 66076, 762403, 55631, 184928, 208085, 668137, 1073942468, 695058]",0.638,1,FALSE,FALSE,03-04-2026,10:35:33
hwb6_301,46,159,RGF,159,Random,159,100,4,"[2199024183417, 601534, 309751, 965694]",0.3339,1,FALSE,FALSE,03-04-2026,10:39:50
hwb6_301,46,159,SAF,800,Random,795,99.375,8,"[33174596378194, 28726927089640, 9523034023509, 33161583994914, 29893547974229, 17596620422703, 33161531547221, 33157150072809]",16.5394,20,FALSE,FALSE,03-04-2026,10:35:32
hwb6_301,46,159,SMGF,159,Random,159,100,4,"[444795, 312542, 17180913214, 471710]",0.3168,1,FALSE,FALSE,03-04-2026,10:35:33
hwb6_57,6,65,BF,650,Directed,650,100,3,"[10, 11, 42]",0.1658,1,FALSE,FALSE,02-04-2026,16:08:47
hwb6_57,6,65,CAF,138,Directed,123,89.13043478,10,"[50, 52, 11, 38, 54, 22, 19, 58, 51, 18]",3.8747,20,FALSE,FALSE,02-04-2026,16:39:31
hwb6_57,6,65,GAF,66,Directed,66,100,3,"[30, 62, 50]",0.0808,1,FALSE,FALSE,02-04-2026,16:39:20
hwb6_57,6,65,MMGF,129,Directed,129,100,6,"[47, 58, 59, 42, 34, 43]",0.862,6,FALSE,FALSE,02-04-2026,16:39:08
hwb6_57,6,65,PMGF,244,Directed,222,90.98360656,9,"[41, 22, 46, 13, 37, 45, 54, 29, 33]",3.3651,20,FALSE,FALSE,02-04-2026,16:08:35
hwb6_57,6,65,RGF,65,Directed,65,100,5,"[47, 55, 59, 31, 62]",2.1376,10,FALSE,FALSE,02-04-2026,16:08:46
hwb6_57,6,65,SAF,504,Directed,504,100,3,"[63, 4, 26]",0.1177,1,FALSE,FALSE,02-04-2026,16:39:07
hwb6_57,6,65,SMGF,65,Directed,65,100,5,"[47, 55, 31, 23, 54]",1.7865,12,FALSE,FALSE,02-04-2026,16:08:24
hwb6_57,6,65,SAF,504,Random,504,100,5,"[63, 20, 41, 40, 43]",0.0749,1,FALSE,FALSE,03-04-2026,23:37:53
hwb6_57,6,65,MMGF,129,Random,129,100,8,"[47, 55, 46, 53, 15, 13, 37, 41]",1.3631,13,FALSE,FALSE,03-04-2026,23:37:59
hwb6_57,6,65,SMGF,65,Random,65,100,7,"[47, 55, 46, 54, 45, 62, 29]",1.1672,13,FALSE,FALSE,03-04-2026,23:38:02
hwb6_57,6,65,PMGF,244,Random,230,94.26229508,10,"[22, 19, 54, 57, 53, 27, 58, 37, 26, 23]",1.9036,20,FALSE,FALSE,03-04-2026,23:38:07
hwb6_57,6,65,GAF,66,Random,66,100,4,"[43, 54, 32, 11]",0.0476,1,FALSE,FALSE,03-04-2026,23:38:08
hwb6_57,6,65,CAF,138,Random,113,81.88405797,8,"[38, 44, 37, 21, 45, 41, 29, 39]",2.0435,20,FALSE,FALSE,03-04-2026,23:38:14
hwb6_57,6,65,RGF,65,Random,65,100,5,"[47, 55, 59, 31, 61]",1.3632,16,FALSE,FALSE,03-04-2026,23:38:17
hwb6_57,6,65,BF,650,Random,650,100,4,"[46, 20, 60, 21]",0.0782,1,FALSE,FALSE,03-04-2026,23:38:17
hwb6_57,6,65,MBF,780,Random,780,100,2,"[46, 30]",0.1713,1,FALSE,FALSE,03-04-2026,23:51:36
hwb6_57,6,65,MBF,780,Directed,780,100,3,"[38, 11, 26]",0.1271,1,FALSE,FALSE,04-04-2026,00:00:01
hwb7_302,73,281,GAF,282,Directed,282,100,8,"[464636, 734103, 480615, 159653, 296439, 268529574, 257675, 725613]",1.3598,1,FALSE,FALSE,03-04-2026,12:42:57
hwb7_302,73,281,MMGF,561,Directed,561,100,5,"[1099512251991, 624215, 982495, 974463, 2251799814229265]",2.534,1,FALSE,FALSE,03-04-2026,12:42:52
hwb7_302,73,281,PMGF,583,Directed,583,100,9,"[540224, 88991, 768043, 16096, 537806292, 928183, 929332, 448650, 953839]",2.5437,1,FALSE,FALSE,03-04-2026,12:42:56
hwb7_302,73,281,RGF,281,Directed,281,100,5,"[304215, 604391, 690347, 4722366482869645908021, 917110]",1.2066,1,FALSE,FALSE,03-04-2026,12:48:20
hwb7_302,73,281,SAF,1414,Directed,1403,99.22206506,10,"[4491786756002564181293, 1254594774194834832098, 3560222186841114954964, 4473336846350581149060, 4473715992043215955157, 4473551751565989064655, 3560798647589677477253, 2362412794587747355266, 4473551753765012319405, 4473336881534953257935]",73.3438,20,FALSE,FALSE,03-04-2026,13:49:09
hwb7_302,73,281,SMGF,281,Directed,281,100,4,"[926943, 79791, 926719, 1043679]",1.1292,1,FALSE,FALSE,03-04-2026,12:42:53
hwb7_302,73,281,GAF,282,Random,282,100,9,"[959703, 4611686018428347607, 986844, 829526, 72057594038891650, 26591, 856566, 279641, 85052]",1.4027,1,FALSE,FALSE,03-04-2026,11:14:52
hwb7_302,73,281,MMGF,561,Random,561,100,5,"[412895, 98389, 221523, 273359, 590295810358705980067]",2.509,1,FALSE,FALSE,03-04-2026,11:14:47
hwb7_302,73,281,PMGF,583,Random,583,100,10,"[811584, 705967, 7324, 345043, 1013712, 3443, 477502, 802092, 839313, 131748]",2.551,1,FALSE,FALSE,03-04-2026,11:14:50
hwb7_302,73,281,RGF,281,Random,281,100,6,"[295147905179352883447, 892631, 2305843009214232739, 70368744900829, 248443, 752990]",1.2158,1,FALSE,FALSE,03-04-2026,11:19:58
hwb7_302,73,281,SAF,1414,Random,1400,99.00990099,10,"[8312654402817906051193, 5204288798829388226191, 5204288798829355885252, 3542356673712771410759, 4888676535844531791599, 5204290064350478061230, 3728836517116344690372, 8264720341695816681561, 3728550683606346778713, 3712696601145542430382]",68.4834,20,FALSE,FALSE,03-04-2026,11:14:44
hwb7_302,73,281,SMGF,281,Random,281,100,5,"[450623, 935151, 695519, 1018727, 2395963]",1.1198,1,FALSE,FALSE,03-04-2026,11:14:48
hwb7_60,7,166,BF,1992,Directed,1992,100,4,"[42, 85, 27, 58]",0.615,1,FALSE,FALSE,03-04-2026,12:19:13
hwb7_60,7,166,CAF,434,Directed,364,83.87096774,12,"[114, 99, 101, 53, 102, 120, 85, 87, 107, 117, 98, 69]",3.0713,20,FALSE,FALSE,03-04-2026,12:19:12
hwb7_60,7,166,GAF,167,Directed,167,100,4,"[95, 86, 116, 83]",0.1811,1,FALSE,FALSE,03-04-2026,12:19:04
hwb7_60,7,166,MMGF,331,Directed,331,100,10,"[126, 119, 94, 93, 124, 95, 87, 125, 86, 85]",2.0696,18,FALSE,FALSE,03-04-2026,13:25:28
hwb7_60,7,166,PMGF,1008,Directed,919,91.17063492,12,"[46, 91, 116, 54, 122, 75, 83, 78, 62, 118, 47, 55]",3.9601,20,FALSE,FALSE,03-04-2026,13:25:47
hwb7_60,7,166,RGF,166,Directed,166,100,7,"[126, 125, 95, 111, 63, 110, 93]",0.7959,7,FALSE,FALSE,03-04-2026,12:19:12
hwb7_60,7,166,SAF,1456,Directed,1456,100,4,"[127, 2, 112, 66]",3.0471,20,FALSE,FALSE,03-04-2026,12:18:43
hwb7_60,7,166,SMGF,166,Directed,166,100,9,"[117, 118, 125, 126, 95, 123, 119, 93, 124]",2.2949,18,FALSE,FALSE,03-04-2026,12:18:53
hwb7_60,7,166,BF,1992,Random,1992,100,4,"[22, 67, 70, 110]",0.5181,1,FALSE,FALSE,03-04-2026,10:50:23
hwb7_60,7,166,CAF,434,Random,362,83.41013825,11,"[105, 104, 86, 120, 90, 94, 118, 121, 89, 107, 110]",3.2061,20,FALSE,FALSE,03-04-2026,10:50:15
hwb7_60,7,166,GAF,167,Random,167,100,5,"[103, 75, 69, 116, 77]",0.1259,1,FALSE,FALSE,03-04-2026,10:50:05
hwb7_60,7,166,MMGF,331,Random,330,99.6978852,8,"[115, 125, 109, 123, 107, 99, 126, 108]",2.6042,20,FALSE,FALSE,03-04-2026,10:49:43
hwb7_60,7,166,PMGF,1008,Random,908,90.07936508,13,"[60, 78, 101, 58, 116, 110, 30, 77, 86, 59, 62, 13, 69]",5.9554,20,FALSE,FALSE,03-04-2026,10:50:05
hwb7_60,7,166,RGF,166,Random,165,99.39759036,8,"[126, 119, 111, 125, 63, 118, 110, 124]",2.2591,20,FALSE,FALSE,03-04-2026,10:50:22
hwb7_60,7,166,SAF,1456,Random,1456,100,7,"[79, 16, 62, 34, 78, 56, 19]",0.3922,1,FALSE,FALSE,03-04-2026,10:49:35
hwb7_60,7,166,SMGF,166,Random,165,99.39759036,7,"[117, 126, 123, 125, 111, 119, 124]",2.7855,20,FALSE,FALSE,03-04-2026,10:49:51
mod5adder_127,6,21,BF,210,Directed,210,100,3,"[50, 15, 27]",0.0048,1,FALSE,FALSE,02-04-2026,16:53:18
mod5adder_127,6,21,CAF,78,Directed,77,98.71794872,8,"[8, 59, 12, 9, 36, 34, 10, 11]",3.0906,20,FALSE,FALSE,02-04-2026,16:22:01
mod5adder_127,6,21,GAF,22,Directed,22,100,2,"[51, 61]",0.0021,1,FALSE,FALSE,02-04-2026,16:53:01
mod5adder_127,6,21,MMGF,41,Directed,41,100,4,"[7, 39, 9, 3]",0.5222,5,FALSE,FALSE,02-04-2026,16:52:51
mod5adder_127,6,21,PMGF,63,Directed,62,98.41269841,7,"[12, 19, 32, 39, 3, 15, 36]",2.6837,20,FALSE,FALSE,02-04-2026,16:21:52
mod5adder_127,6,21,RGF,21,Directed,21,100,3,"[7, 55, 1]",0.2696,3,FALSE,FALSE,02-04-2026,16:22:04
mod5adder_127,6,21,SAF,96,Directed,96,100,4,"[61, 26, 9, 17]",0.0034,1,FALSE,FALSE,02-04-2026,16:21:37
mod5adder_127,6,21,SMGF,21,Directed,21,100,3,"[23, 7, 1]",0.5178,5,FALSE,FALSE,02-04-2026,16:21:43
mod5adder_127,6,21,SAF,96,Random,96,100,3,"[58, 33, 31]",0.003,1,FALSE,FALSE,03-04-2026,23:38:19
mod5adder_127,6,21,MMGF,41,Random,41,100,4,"[7, 38, 23, 9]",0.001,1,FALSE,FALSE,03-04-2026,23:38:19
mod5adder_127,6,21,SMGF,21,Random,21,100,3,"[23, 7, 0]",0.0006,1,FALSE,FALSE,03-04-2026,23:38:19
mod5adder_127,6,21,PMGF,63,Random,63,100,9,"[2, 5, 19, 32, 38, 16, 6, 35, 7]",1.0679,15,FALSE,FALSE,03-04-2026,23:38:20
mod5adder_127,6,21,GAF,22,Random,22,100,3,"[34, 23, 21]",0.0012,1,FALSE,FALSE,03-04-2026,23:38:20
mod5adder_127,6,21,CAF,78,Random,77,98.71794872,8,"[56, 12, 11, 37, 50, 8, 38, 5]",1.6864,20,FALSE,FALSE,03-04-2026,23:38:25
mod5adder_127,6,21,RGF,21,Random,21,100,3,"[23, 1, 14]",0.0012,1,FALSE,FALSE,03-04-2026,23:38:27
mod5adder_127,6,21,BF,210,Random,210,100,4,"[21, 31, 52, 41]",0.004,1,FALSE,FALSE,03-04-2026,23:38:27
mod5adder_127,6,21,MBF,252,Random,252,100,2,"[61, 28]",0.0243,1,FALSE,FALSE,03-04-2026,23:51:36
mod5adder_127,6,21,MBF,252,Directed,252,100,2,"[37, 29]",0.015,1,FALSE,FALSE,04-04-2026,00:00:01
mod5d1_63,5,7,BF,56,Directed,56,100,2,"[21, 20]",0.001,1,FALSE,FALSE,02-04-2026,16:07:05
mod5d1_63,5,7,CAF,20,Directed,20,100,4,"[22, 13, 25, 14]",3.1144,6,FALSE,FALSE,02-04-2026,16:07:05
mod5d1_63,5,7,GAF,8,Directed,8,100,2,"[9, 4]",0.0008,1,FALSE,FALSE,02-04-2026,16:06:34
mod5d1_63,5,7,MMGF,13,Directed,13,100,2,"[30, 19]",0.0008,1,FALSE,FALSE,02-04-2026,16:06:34
mod5d1_63,5,7,PMGF,9,Directed,9,100,2,"[18, 30]",0.0006,1,FALSE,FALSE,02-04-2026,16:06:34
mod5d1_63,5,7,RGF,7,Directed,7,100,1,[28],0.0006,1,FALSE,FALSE,02-04-2026,16:07:05
mod5d1_63,5,7,SAF,30,Directed,30,100,4,"[21, 9, 15, 6]",0.0007,1,FALSE,FALSE,02-04-2026,16:06:34
mod5d1_63,5,7,SMGF,7,Directed,7,100,3,"[7, 8, 3]",0.1259,2,FALSE,FALSE,02-04-2026,16:06:34
mod5d1_63,5,7,BF,56,Random,56,100,2,"[20, 2]",0.3807,4,FALSE,FALSE,02-04-2026,16:01:57
mod5d1_63,5,7,CAF,20,Random,20,100,4,"[20, 15, 8, 19]",0.0623,1,FALSE,FALSE,02-04-2026,16:01:57
mod5d1_63,5,7,GAF,8,Random,8,100,2,"[14, 15]",0.0005,1,FALSE,FALSE,02-04-2026,16:01:43
mod5d1_63,5,7,MMGF,13,Random,13,100,2,"[28, 20]",0.5324,5,FALSE,FALSE,02-04-2026,16:01:43
mod5d1_63,5,7,PMGF,9,Random,9,100,2,"[18, 11]",0.0005,1,FALSE,FALSE,02-04-2026,16:01:43
mod5d1_63,5,7,RGF,7,Random,7,100,2,"[22, 26]",0.0005,1,FALSE,FALSE,02-04-2026,16:01:57
mod5d1_63,5,7,SAF,30,Random,30,100,3,"[17, 2, 14]",0.0007,1,FALSE,FALSE,02-04-2026,16:01:42
mod5d1_63,5,7,SMGF,7,Random,7,100,1,[12],0.0001,1,FALSE,FALSE,02-04-2026,16:01:43
mod5d1_63,5,7,MBF,42,Random,42,100,1,[2],0.0003,1,FALSE,FALSE,03-04-2026,23:47:38
mod5d1_63,5,7,MBF,42,Directed,42,100,2,"[30, 23]",0.0017,1,FALSE,FALSE,03-04-2026,23:58:22
mux_246,22,35,BF,1470,Directed,1470,100,3,"[875147, 502945, 2602057]",0.4257,1,FALSE,FALSE,02-04-2026,16:51:05
mux_246,22,35,CAF,604,Directed,519,85.92715232,24,"[12318, 181415, 3350, 927030, 1786990, 538574, 12296, 73862, 67822, 926991, 21607, 414158, 12815, 21526, 140399, 422198, 676150, 21534, 117863, 67718, 12422, 68715, 1732246, 1732254]",3.8641,20,FALSE,FALSE,02-04-2026,16:20:06
mux_246,22,35,GAF,36,Directed,36,100,3,"[452083, 2301513, 919259]",0.0094,1,FALSE,FALSE,02-04-2026,16:19:54
mux_246,22,35,MMGF,69,Directed,65,94.20289855,19,"[4193623, 4193199, 4193167, 4192638, 4192607, 4192375, 4184999, 4192591, 4184415, 4062127, 4193211, 4193186, 4193175, 4192987, 4192587, 4192555, 4184947, 4192578, 4062087]",2.6595,20,FALSE,FALSE,02-04-2026,16:50:25
mux_246,22,35,PMGF,1225,Directed,1203,98.20408163,24,"[917439, 4063175, 3026855, 1754527, 3801071, 3997650, 3864439, 1767243, 910991, 1765783, 1017197, 917475, 3800989, 1925045, 3997629, 3973087, 4063171, 1767279, 1924979, 3800917, 718783, 1767247, 1964439, 3800999]",5.2396,20,FALSE,FALSE,02-04-2026,16:50:44
mux_246,22,35,RGF,35,Directed,35,100,9,"[4175991, 4175903, 4173567, 4171631, 4171598, 4049447, 4042455, 4176194, 4173511]",1.5953,13,FALSE,FALSE,02-04-2026,16:50:57
mux_246,22,35,SAF,332,Directed,332,100,4,"[4016331, 1363507, 603612, 2063691]",1.5559,11,FALSE,FALSE,02-04-2026,16:50:16
mux_246,22,35,SMGF,35,Directed,35,100,9,"[4193143, 4193087, 4193071, 4193063, 4193039, 4191327, 4190167, 4191299, 4191175]",1.6284,13,FALSE,FALSE,02-04-2026,16:50:29
mux_246,22,35,SAF,332,Random,332,100,5,"[3145661, 536130, 2544221, 1584733, 3145149]",0.9218,12,FALSE,FALSE,03-04-2026,23:36:37
mux_246,22,35,MMGF,69,Random,66,95.65217391,20,"[4171967, 2093239, 2092263, 2092183, 2086127, 2085535, 2066831, 2085911, 2074815, 2058727, 4182671, 2093235, 2092459, 2092219, 2092191, 2092179, 2086115, 2066827, 2017775, 2092167]",1.345,20,FALSE,FALSE,03-04-2026,23:36:42
mux_246,22,35,SMGF,35,Random,34,97.14285714,8,"[4194295, 4194287, 4194279, 4194271, 4194239, 4194199, 4194191, 4194183]",1.3299,20,FALSE,FALSE,03-04-2026,23:36:46
mux_246,22,35,PMGF,1225,Random,1195,97.55102041,26,"[2093974, 2938799, 523591, 783295, 3743287, 3743263, 2071587, 1891659, 2083919, 2940020, 2945885, 982915, 2096685, 3017063, 2017619, 478775, 2945371, 1886564, 979903, 2086831, 478239, 2030927, 2938791, 2096743, 2030943, 1886243]",2.6149,20,FALSE,FALSE,03-04-2026,23:36:54
mux_246,22,35,GAF,36,Random,36,100,3,"[930702, 766826, 630215]",0.0088,1,FALSE,FALSE,03-04-2026,23:36:54
mux_246,22,35,CAF,604,Random,501,82.94701987,22,"[1042, 2830, 54951, 13726, 219054, 346935, 1047, 164, 35607, 1927, 18726, 530359, 7007, 35111, 346987, 1295, 349870, 911, 1419, 29795, 19223, 30106]",2.2036,20,FALSE,FALSE,03-04-2026,23:37:00
mux_246,22,35,RGF,35,Random,35,100,10,"[4193791, 4193719, 4193703, 4193623, 4177519, 4177375, 4193679, 4177487, 4177351, 4177347]",1.14,18,FALSE,FALSE,03-04-2026,23:37:03
mux_246,22,35,BF,1470,Random,1470,100,2,"[873666, 2525847]",0.1727,1,FALSE,FALSE,03-04-2026,23:37:03
mux_246,22,35,MBF,13300,Random,13300,100,2,"[1715557, 567859]",3.1143,1,FALSE,FALSE,03-04-2026,23:50:57
mux_246,22,35,MBF,13300,Directed,13300,100,3,"[562541, 345412, 1345690]",3.6495,1,FALSE,FALSE,03-04-2026,23:58:55
one-two-three-v0_97,5,11,BF,88,Directed,88,100,2,"[22, 5]",0.0019,1,FALSE,FALSE,02-04-2026,16:07:09
one-two-three-v0_97,5,11,CAF,21,Directed,21,100,4,"[16, 10, 24, 8]",0.6372,6,FALSE,FALSE,02-04-2026,16:07:09
one-two-three-v0_97,5,11,GAF,12,Directed,12,100,2,"[21, 23]",0.0008,1,FALSE,FALSE,02-04-2026,16:07:06
one-two-three-v0_97,5,11,MMGF,21,Directed,21,100,3,"[31, 28, 7]",0.0006,1,FALSE,FALSE,02-04-2026,16:07:05
one-two-three-v0_97,5,11,PMGF,41,Directed,41,100,5,"[15, 29, 5, 28, 31]",0.5241,5,FALSE,FALSE,02-04-2026,16:07:06
one-two-three-v0_97,5,11,RGF,11,Directed,11,100,2,"[16, 10]",0.0007,1,FALSE,FALSE,02-04-2026,16:07:09
one-two-three-v0_97,5,11,SAF,68,Directed,68,100,4,"[23, 14, 21, 19]",0.4057,4,FALSE,FALSE,02-04-2026,16:07:05
one-two-three-v0_97,5,11,SMGF,11,Directed,11,100,3,"[16, 7, 29]",0.0007,1,FALSE,FALSE,02-04-2026,16:07:05
one-two-three-v0_97,5,11,BF,88,Random,88,100,2,"[23, 5]",0.0017,1,FALSE,FALSE,02-04-2026,16:02:04
one-two-three-v0_97,5,11,CAF,21,Random,21,100,4,"[16, 8, 6, 24]",1.5982,13,FALSE,FALSE,02-04-2026,16:02:03
one-two-three-v0_97,5,11,GAF,12,Random,12,100,2,"[11, 21]",0.0013,1,FALSE,FALSE,02-04-2026,16:02:01
one-two-three-v0_97,5,11,MMGF,21,Random,21,100,3,"[24, 25, 7]",0.1267,2,FALSE,FALSE,02-04-2026,16:02:00
one-two-three-v0_97,5,11,PMGF,41,Random,41,100,4,"[23, 15, 25, 21]",0.9046,8,FALSE,FALSE,02-04-2026,16:02:01
one-two-three-v0_97,5,11,RGF,11,Random,11,100,3,"[7, 31, 28]",1.0412,9,FALSE,FALSE,02-04-2026,16:02:04
one-two-three-v0_97,5,11,SAF,68,Random,68,100,3,"[31, 2, 5]",0.0013,1,FALSE,FALSE,02-04-2026,16:01:57
one-two-three-v0_97,5,11,SMGF,11,Random,11,100,3,"[16, 20, 28]",0.6451,6,FALSE,FALSE,02-04-2026,16:02:01
one-two-three-v0_97,5,11,MBF,66,Random,66,100,1,[5],0.0021,1,FALSE,FALSE,03-04-2026,23:47:38
one-two-three-v0_97,5,11,MBF,66,Directed,66,100,1,[5],0.0007,1,FALSE,FALSE,03-04-2026,23:58:22
rd32-v0_66,4,4,BF,24,Directed,24,100,1,[10],0.0003,1,FALSE,FALSE,02-04-2026,16:06:34
rd32-v0_66,4,4,CAF,6,Directed,6,100,2,"[14, 11]",0.2524,3,FALSE,FALSE,02-04-2026,16:06:34
rd32-v0_66,4,4,GAF,5,Directed,5,100,1,[15],0.0002,1,FALSE,FALSE,02-04-2026,16:06:34
rd32-v0_66,4,4,MMGF,7,Directed,7,100,2,"[5, 7]",0.0003,1,FALSE,FALSE,02-04-2026,16:06:33
rd32-v0_66,4,4,PMGF,8,Directed,8,100,3,"[12, 9, 14]",0.7701,7,FALSE,FALSE,02-04-2026,16:06:34
rd32-v0_66,4,4,RGF,4,Directed,4,100,2,"[5, 3]",0.0003,1,FALSE,FALSE,02-04-2026,16:06:34
rd32-v0_66,4,4,SAF,20,Directed,20,100,3,"[9, 7, 6]",0.0615,1,FALSE,FALSE,02-04-2026,16:06:33
rd32-v0_66,4,4,SMGF,4,Directed,4,100,2,"[14, 15]",0.0003,1,FALSE,FALSE,02-04-2026,16:06:33
rd32-v0_66,4,4,BF,24,Random,24,100,1,[10],0.0002,1,FALSE,FALSE,02-04-2026,16:01:42
rd32-v0_66,4,4,CAF,6,Random,6,100,3,"[14, 15, 3]",2.3446,16,FALSE,FALSE,02-04-2026,16:01:42
rd32-v0_66,4,4,GAF,5,Random,5,100,2,"[1, 8]",0.0005,1,FALSE,FALSE,02-04-2026,16:01:40
rd32-v0_66,4,4,MMGF,7,Random,7,100,2,"[13, 7]",0.2679,3,FALSE,FALSE,02-04-2026,16:01:37
rd32-v0_66,4,4,PMGF,8,Random,8,100,3,"[15, 2, 9]",0.0006,1,FALSE,FALSE,02-04-2026,16:01:40
rd32-v0_66,4,4,RGF,4,Random,4,100,2,"[5, 15]",0.128,2,FALSE,FALSE,02-04-2026,16:01:42
rd32-v0_66,4,4,SAF,20,Random,20,100,3,"[3, 9, 6]",0.0619,1,FALSE,FALSE,02-04-2026,16:01:36
rd32-v0_66,4,4,SMGF,4,Random,4,100,2,"[5, 11]",0.0003,1,FALSE,FALSE,02-04-2026,16:01:37
rd32-v0_66,4,4,MBF,8,Random,8,100,1,[4],0.0002,1,FALSE,FALSE,03-04-2026,23:47:38
rd32-v0_66,4,4,MBF,8,Directed,8,100,1,[2],0.0001,1,FALSE,FALSE,03-04-2026,23:58:23
rd53_131,7,28,BF,336,Directed,336,100,3,"[85, 14, 91]",0.013,1,FALSE,FALSE,02-04-2026,16:16:08
rd53_131,7,28,CAF,144,Directed,143,99.30555556,8,"[44, 22, 30, 28, 38, 23, 20, 95]",2.6085,20,FALSE,FALSE,02-04-2026,16:46:55
rd53_131,7,28,GAF,29,Directed,29,100,3,"[62, 76, 31]",0.0018,1,FALSE,FALSE,02-04-2026,16:15:59
rd53_131,7,28,MMGF,55,Directed,54,98.18181818,5,"[91, 79, 90, 95, 75]",3.2439,20,FALSE,FALSE,02-04-2026,16:15:50
rd53_131,7,28,PMGF,61,Directed,60,98.36065574,9,"[113, 114, 111, 119, 121, 102, 105, 118, 110]",3.0566,20,FALSE,FALSE,02-04-2026,16:15:59
rd53_131,7,28,RGF,28,Directed,28,100,5,"[27, 31, 26, 74, 30]",0.3847,4,FALSE,FALSE,02-04-2026,16:16:08
rd53_131,7,28,SAF,104,Directed,104,100,4,"[121, 61, 34, 92]",0.0076,1,FALSE,FALSE,02-04-2026,16:15:41
rd53_131,7,28,SMGF,28,Directed,28,100,5,"[123, 111, 122, 127, 106]",0.5399,5,FALSE,FALSE,02-04-2026,16:15:50
rd53_131,7,28,SAF,104,Random,104,100,6,"[111, 43, 89, 42, 39, 91]",0.0056,1,FALSE,FALSE,03-04-2026,23:36:20
rd53_131,7,28,MMGF,55,Random,54,98.18181818,5,"[123, 111, 122, 127, 107]",1.567,20,FALSE,FALSE,03-04-2026,23:36:24
rd53_131,7,28,SMGF,28,Random,28,100,5,"[123, 111, 110, 127, 107]",1.0296,17,FALSE,FALSE,03-04-2026,23:36:25
rd53_131,7,28,PMGF,61,Random,59,96.72131148,8,"[49, 114, 79, 70, 89, 62, 105, 110]",1.2961,20,FALSE,FALSE,03-04-2026,23:36:29
rd53_131,7,28,GAF,29,Random,29,100,3,"[63, 96, 87]",0.0015,1,FALSE,FALSE,03-04-2026,23:36:29
rd53_131,7,28,CAF,144,Random,143,99.30555556,9,"[32, 58, 30, 29, 48, 42, 118, 24, 27]",1.3078,20,FALSE,FALSE,03-04-2026,23:36:33
rd53_131,7,28,RGF,28,Random,28,100,5,"[123, 111, 122, 127, 107]",0.3758,6,FALSE,FALSE,03-04-2026,23:36:33
rd53_131,7,28,BF,336,Random,336,100,4,"[54, 33, 43, 30]",0.0076,1,FALSE,FALSE,03-04-2026,23:36:33
rd53_131,7,28,MBF,560,Random,560,100,3,"[126, 116, 52]",0.0287,1,FALSE,FALSE,03-04-2026,23:50:53
rd53_131,7,28,MBF,560,Directed,560,100,2,"[46, 22]",0.03,1,FALSE,FALSE,03-04-2026,23:58:50
rd84_142,15,28,BF,784,Directed,784,100,3,"[20599, 31186, 8889]",0.0681,1,FALSE,FALSE,02-04-2026,16:15:40
rd84_142,15,28,CAF,343,Directed,343,100,16,"[8827, 3318, 4815, 4698, 9912, 18376, 9146, 309, 10950, 18225, 18227, 11371, 9211, 4699, 308, 11354]",1.0322,8,FALSE,FALSE,02-04-2026,16:15:39
rd84_142,15,28,GAF,29,Directed,29,100,2,"[30514, 6126]",0.004,1,FALSE,FALSE,02-04-2026,16:46:26
rd84_142,15,28,MMGF,55,Directed,55,100,4,"[4859, 2798, 4847, 26483]",0.0059,1,FALSE,FALSE,02-04-2026,16:15:36
rd84_142,15,28,PMGF,70,Directed,70,100,7,"[7490, 21431, 5193, 4039, 21428, 30445, 21017]",0.0084,1,FALSE,FALSE,02-04-2026,16:15:36
rd84_142,15,28,RGF,28,Directed,28,100,4,"[14069, 11645, 21817, 22391]",0.0039,1,FALSE,FALSE,02-04-2026,16:15:39
rd84_142,15,28,SAF,154,Directed,154,100,5,"[32637, 668, 19212, 19883, 16309]",0.0157,1,FALSE,FALSE,02-04-2026,16:15:36
rd84_142,15,28,SMGF,28,Directed,28,100,5,"[3833, 15031, 12278, 11704, 30822]",0.0033,1,FALSE,FALSE,02-04-2026,16:15:36
rd84_142,15,28,SAF,154,Random,154,100,4,"[30906, 15048, 22281, 24756]",0.0131,1,FALSE,FALSE,03-04-2026,23:36:33
rd84_142,15,28,MMGF,55,Random,55,100,4,"[19182, 13215, 893, 21372]",0.0036,1,FALSE,FALSE,03-04-2026,23:36:33
rd84_142,15,28,SMGF,28,Random,28,100,5,"[32319, 11365, 24669, 32746, 16842]",0.0022,1,FALSE,FALSE,03-04-2026,23:36:33
rd84_142,15,28,PMGF,70,Random,70,100,6,"[3139, 16604, 12577, 2610, 12747, 24551]",0.007,1,FALSE,FALSE,03-04-2026,23:36:33
rd84_142,15,28,GAF,29,Random,29,100,3,"[23537, 4561, 22565]",0.0038,1,FALSE,FALSE,03-04-2026,23:36:33
rd84_142,15,28,CAF,343,Random,343,100,16,"[1085, 1919, 10208, 14296, 1084, 853, 8239, 3417, 999, 15718, 6616, 1917, 1013, 6187, 15701, 3535]",0.9808,14,FALSE,FALSE,03-04-2026,23:36:34
rd84_142,15,28,RGF,28,Random,28,100,3,"[11006, 10997, 1151]",0.0028,1,FALSE,FALSE,03-04-2026,23:36:34
rd84_142,15,28,BF,784,Random,784,100,4,"[11191, 32427, 8930, 12189]",0.0545,1,FALSE,FALSE,03-04-2026,23:36:34
rd84_142,15,28,MBF,4368,Random,4368,100,3,"[22443, 21181, 12407]",0.6047,1,FALSE,FALSE,03-04-2026,23:50:54
rd84_142,15,28,MBF,4368,Directed,4368,100,3,"[14959, 6454, 18536]",0.5639,1,FALSE,FALSE,03-04-2026,23:58:51
rd84_313,34,104,BF,6864,Directed,6864,100,4,"[5813968554, 5539449770, 4448930602, 5522087237]",37.346,20,FALSE,FALSE,03-04-2026,13:45:44
rd84_313,34,104,CAF,3289,Directed,3289,100,21,"[4731318, 608091, 4295231285, 1035038, 31689, 4295230910, 61025, 2147535462, 1073759706, 2147507646, 4295528970, 510212, 585273, 1073759700, 2607718, 4295231433, 12731, 31389, 2715238, 510566, 606727]",13.5938,11,FALSE,FALSE,03-04-2026,12:38:16
rd84_313,34,104,GAF,105,Directed,105,100,5,"[969983, 234187, 463302, 447043, 128310]",0.194,1,FALSE,FALSE,03-04-2026,12:38:02
rd84_313,34,104,MMGF,207,Directed,207,100,5,"[9365663, 872615, 849175, 31719, 31399]",0.3021,1,FALSE,FALSE,03-04-2026,12:38:01
rd84_313,34,104,PMGF,193,Directed,193,100,9,"[565704, 134345014, 173803, 850973, 112262, 1578308, 637234, 636870, 34227926]",0.2273,1,FALSE,FALSE,03-04-2026,12:38:02
rd84_313,34,104,RGF,104,Directed,104,100,5,"[748415, 34366646, 773370, 2147831599, 813945]",0.3259,2,FALSE,FALSE,03-04-2026,12:38:16
rd84_313,34,104,SAF,494,Directed,493,99.79757085,9,"[13053561272, 13020832102, 8665291163, 13020833336, 8664222008, 2290977179, 9262553400, 12970723686, 8892811622]",5.6652,20,FALSE,FALSE,03-04-2026,13:43:17
rd84_313,34,104,SMGF,104,Directed,104,100,5,"[925947, 794687, 2433087, 232031, 637435]",0.1569,1,FALSE,FALSE,03-04-2026,12:38:02
rd84_313,34,104,BF,6864,Random,6864,100,6,"[11042442922, 10821606634, 1380207282, 2184072114, 1378765546, 2353285810]",31.0426,15,FALSE,FALSE,03-04-2026,11:11:18
rd84_313,34,104,CAF,3289,Random,3287,99.93919124,25,"[136695, 356797, 390858, 2147868956, 537083427, 56506, 2132333, 661591, 2485434, 353535, 2147840365, 2149190236, 2153494, 2147843325, 1706583, 1707194, 2154019, 67733535, 3221610813, 67731959, 2147840445, 17434989, 2147813741, 67438957, 3221610768]",23.6658,20,FALSE,FALSE,03-04-2026,11:10:10
rd84_313,34,104,GAF,105,Random,105,100,5,"[376305, 1013327, 33916207, 912697, 1031665]",0.3049,1,FALSE,FALSE,03-04-2026,11:09:04
rd84_313,34,104,MMGF,207,Random,207,100,4,"[521591, 705467, 750029, 913823]",0.5425,1,FALSE,FALSE,03-04-2026,11:09:03
rd84_313,34,104,PMGF,193,Random,193,100,8,"[2148181832, 205110, 960209, 1032368, 836702, 205101, 134612399, 2147990423]",0.4504,1,FALSE,FALSE,03-04-2026,11:09:03
rd84_313,34,104,RGF,104,Random,104,100,5,"[564222, 239839, 517694, 594391, 2338015]",0.2721,1,FALSE,FALSE,03-04-2026,11:10:10
rd84_313,34,104,SAF,494,Random,491,99.39271255,8,"[16537993758, 15170539619, 15192756764, 12894146979, 15183466781, 20913694, 15226314270, 15183503902]",4.9634,20,FALSE,FALSE,03-04-2026,11:09:02
rd84_313,34,104,SMGF,104,Random,104,100,5,"[344315, 539543, 8917116, 748213, 2147621054]",0.2578,1,FALSE,FALSE,03-04-2026,11:09:03
ryy6_256,17,44,BF,1408,Directed,1408,100,3,"[76966, 96691, 104614]",0.2066,1,FALSE,FALSE,02-04-2026,16:15:36
ryy6_256,17,44,CAF,376,Directed,302,80.31914894,14,"[30688, 80926, 17406, 48158, 29598, 48480, 31840, 32862, 30206, 45982, 36702, 7838, 12126, 15454]",3.0045,20,FALSE,FALSE,02-04-2026,16:46:25
ryy6_256,17,44,GAF,45,Directed,45,100,3,"[72659, 124717, 118130]",0.0082,1,FALSE,FALSE,02-04-2026,16:15:23
ryy6_256,17,44,MMGF,87,Directed,87,100,7,"[98303, 90111, 44927, 97791, 96255, 49151, 98301]",1.7161,11,FALSE,FALSE,02-04-2026,16:08:49
ryy6_256,17,44,PMGF,85810,Directed,85435,99.562988,16,"[16383, 32639, 32764, 32763, 32759, 57343, 28671, 32735, 49148, 32703, 49143, 65439, 24575, 45055, 27647, 40959]",133.4111,20,FALSE,FALSE,02-04-2026,16:15:23
ryy6_256,17,44,RGF,44,Directed,44,100,2,"[98303, 49151]",1.8115,14,FALSE,FALSE,02-04-2026,16:15:35
ryy6_256,17,44,SAF,744,Directed,744,100,3,"[130975, 10849, 33098]",0.1481,1,FALSE,FALSE,02-04-2026,16:39:36
ryy6_256,17,44,SMGF,44,Directed,44,100,2,"[98302, 49150]",1.4529,12,FALSE,FALSE,02-04-2026,16:08:50
ryy6_256,17,44,SAF,744,Random,744,100,3,"[124709, 6618, 115766]",0.0979,1,FALSE,FALSE,03-04-2026,23:40:23
ryy6_256,17,44,MMGF,87,Random,87,100,7,"[98303, 94207, 44159, 97791, 97279, 48255, 98299]",0.6373,8,FALSE,FALSE,03-04-2026,23:40:24
ryy6_256,17,44,SMGF,44,Random,44,100,2,"[98302, 49150]",1.0409,9,FALSE,FALSE,03-04-2026,23:40:25
ryy6_256,17,44,PMGF,85810,Random,85378,99.49656217,16,"[65535, 16383, 32639, 32759, 32735, 32511, 28671, 32703, 49117, 32255, 44799, 32733, 40447, 32687, 49139, 39935]",83.1183,20,FALSE,FALSE,03-04-2026,23:44:50
ryy6_256,17,44,GAF,45,Random,45,100,3,"[77711, 8440, 82844]",0.008,1,FALSE,FALSE,03-04-2026,23:44:50
ryy6_256,17,44,CAF,376,Random,370,98.40425532,16,"[32740, 31774, 29694, 20478, 48286, 31969, 32670, 35870, 48356, 31998, 32753, 46078, 69406, 48369, 13310, 32766]",1.7101,20,FALSE,FALSE,03-04-2026,23:44:56
ryy6_256,17,44,RGF,44,Random,44,100,2,"[98303, 49087]",1.4509,18,FALSE,FALSE,03-04-2026,23:44:59
ryy6_256,17,44,BF,1408,Random,1408,100,2,"[103593, 79442]",0.1609,1,FALSE,FALSE,03-04-2026,23:44:59
ryy6_256,17,44,MBF,9240,Random,9240,100,2,"[10587, 56181]",1.5422,1,FALSE,FALSE,03-04-2026,23:56:45
ryy6_256,17,44,MBF,9240,Directed,9240,100,2,"[10579, 70485]",2.3466,1,FALSE,FALSE,04-04-2026,00:05:15
squar5_261,13,43,BF,1032,Directed,1032,100,3,"[684, 4170, 2766]",0.1178,1,FALSE,FALSE,02-04-2026,16:22:26
squar5_261,13,43,CAF,421,Directed,413,98.09976247,14,"[6889, 5956, 7622, 6552, 8069, 4072, 5124, 5108, 6132, 1028, 3669, 5574, 8004, 6377]",2.9952,20,FALSE,FALSE,02-04-2026,16:22:25
squar5_261,13,43,GAF,44,Directed,44,100,3,"[7469, 1299, 5025]",0.0113,1,FALSE,FALSE,02-04-2026,16:22:16
squar5_261,13,43,MMGF,85,Directed,85,100,7,"[6134, 6646, 7630, 7158, 5582, 6390, 1270]",0.9105,7,FALSE,FALSE,02-04-2026,16:22:05
squar5_261,13,43,PMGF,295,Directed,294,99.66101695,14,"[5631, 5119, 7935, 2559, 2047, 5887, 6399, 8191, 7167, 3327, 4607, 7679, 1535, 4095]",2.9121,20,FALSE,FALSE,02-04-2026,16:53:28
squar5_261,13,43,RGF,43,Directed,43,100,5,"[8163, 6120, 6632, 1160, 4580]",0.3042,3,FALSE,FALSE,02-04-2026,16:22:25
squar5_261,13,43,SAF,276,Directed,276,100,4,"[6730, 1092, 2944, 2809]",0.0342,1,FALSE,FALSE,02-04-2026,16:22:04
squar5_261,13,43,SMGF,43,Directed,43,100,5,"[8175, 6127, 6639, 5615, 1263]",1.3406,11,FALSE,FALSE,02-04-2026,16:22:07
squar5_261,13,43,SAF,276,Random,276,100,5,"[8092, 141, 4321, 7354, 7727]",0.0279,1,FALSE,FALSE,03-04-2026,23:44:59
squar5_261,13,43,MMGF,85,Random,85,100,6,"[8126, 6078, 6590, 5566, 6334, 1214]",1.0442,15,FALSE,FALSE,03-04-2026,23:45:00
squar5_261,13,43,SMGF,43,Random,43,100,5,"[8191, 6143, 6655, 5631, 1791]",1.3485,20,FALSE,FALSE,03-04-2026,23:45:01
squar5_261,13,43,PMGF,295,Random,291,98.6440678,14,"[5614, 5108, 2542, 2036, 7390, 8190, 254, 7156, 3838, 6398, 4590, 7662, 5374, 4083]",1.6238,20,FALSE,FALSE,03-04-2026,23:45:06
squar5_261,13,43,GAF,44,Random,44,100,3,"[4071, 5224, 4338]",0.0062,1,FALSE,FALSE,03-04-2026,23:45:06
squar5_261,13,43,CAF,421,Random,411,97.62470309,16,"[7984, 5940, 6276, 3364, 7076, 4388, 7792, 5156, 1664, 6564, 3888, 5488, 6032, 7460, 6288, 1920]",2.0391,20,FALSE,FALSE,03-04-2026,23:45:12
squar5_261,13,43,RGF,43,Random,43,100,5,"[7964, 5916, 6620, 1199, 4572]",0.1515,3,FALSE,FALSE,03-04-2026,23:45:12
squar5_261,13,43,BF,1032,Random,1032,100,4,"[4437, 1181, 3813, 5591]",0.0865,1,FALSE,FALSE,03-04-2026,23:45:12
squar5_261,13,43,MBF,4730,Random,4730,100,2,"[5412, 151]",1.0683,1,FALSE,FALSE,03-04-2026,23:56:46
squar5_261,13,43,MBF,4730,Directed,4730,100,3,"[3450, 3137, 2423]",0.9841,1,FALSE,FALSE,04-04-2026,00:05:16
sym6_316,14,29,BF,754,Directed,754,100,4,"[15250, 12998, 7438, 7333]",0.1317,1,FALSE,FALSE,02-04-2026,16:15:41
sym6_316,14,29,CAF,334,Directed,334,100,13,"[817, 3210, 4843, 4306, 2300, 8223, 3307, 3211, 623, 4821, 9261, 755, 4842]",1.5645,10,FALSE,FALSE,02-04-2026,16:15:41
sym6_316,14,29,GAF,30,Directed,30,100,3,"[3099, 8884, 8973]",0.0046,1,FALSE,FALSE,02-04-2026,16:15:40
sym6_316,14,29,MMGF,57,Directed,57,100,4,"[3070, 9767, 401, 2542]",0.0042,1,FALSE,FALSE,02-04-2026,16:46:27
sym6_316,14,29,PMGF,59,Directed,59,100,5,"[12314, 16068, 10032, 3983, 10034]",0.0081,1,FALSE,FALSE,02-04-2026,16:15:40
sym6_316,14,29,RGF,29,Directed,29,100,3,"[7543, 8223, 7994]",0.007,1,FALSE,FALSE,02-04-2026,16:15:41
sym6_316,14,29,SAF,144,Directed,144,100,5,"[16314, 13221, 15735, 4314, 12223]",0.0177,1,FALSE,FALSE,02-04-2026,16:15:40
sym6_316,14,29,SMGF,29,Directed,29,100,2,"[13786, 623]",0.003,1,FALSE,FALSE,02-04-2026,16:15:40
sym6_316,14,29,SAF,144,Random,144,100,5,"[16270, 10356, 9359, 7016, 16215]",0.0114,1,FALSE,FALSE,03-04-2026,23:37:03
sym6_316,14,29,MMGF,57,Random,57,100,5,"[7166, 7091, 12894, 7086, 15891]",0.3351,6,FALSE,FALSE,03-04-2026,23:37:03
sym6_316,14,29,SMGF,29,Random,29,100,3,"[7547, 13244, 12494]",0.0022,1,FALSE,FALSE,03-04-2026,23:37:03
sym6_316,14,29,PMGF,59,Random,59,100,5,"[11201, 2878, 10410, 10197, 7274]",0.0071,1,FALSE,FALSE,03-04-2026,23:37:03
sym6_316,14,29,GAF,30,Random,30,100,3,"[10641, 15400, 13903]",0.0041,1,FALSE,FALSE,03-04-2026,23:37:03
sym6_316,14,29,CAF,334,Random,334,100,13,"[1490, 1511, 11400, 10421, 733, 4943, 2915, 10413, 1714, 11720, 679, 1501, 14006]",0.7453,7,FALSE,FALSE,03-04-2026,23:37:04
sym6_316,14,29,RGF,29,Random,29,100,4,"[6559, 1843, 6862, 2463]",0.0027,1,FALSE,FALSE,03-04-2026,23:37:04
sym6_316,14,29,BF,754,Random,754,100,4,"[5813, 7404, 9032, 7221]",0.0515,1,FALSE,FALSE,03-04-2026,23:37:04
sym6_316,14,29,MBF,3828,Random,3828,100,3,"[10217, 11074, 15946]",0.781,1,FALSE,FALSE,03-04-2026,23:50:57
sym6_316,14,29,MBF,3828,Directed,3828,100,3,"[13421, 7943, 1061]",0.5553,1,FALSE,FALSE,03-04-2026,23:58:55
sym9_148,10,210,BF,3780,Directed,3780,100,2,"[341, 520]",1.3212,1,FALSE,FALSE,03-04-2026,13:42:59
sym9_148,10,210,CAF,1134,Directed,1094,96.47266314,14,"[1014, 989, 955, 1007, 895, 767, 1013, 990, 1011, 957, 987, 1004, 950, 765]",5.6192,20,FALSE,FALSE,03-04-2026,12:37:40
sym9_148,10,210,GAF,211,Directed,211,100,4,"[239, 477, 387, 405]",0.2661,1,FALSE,FALSE,03-04-2026,12:37:24
sym9_148,10,210,MMGF,419,Directed,419,100,11,"[493, 989, 477, 479, 491, 1003, 991, 469, 987, 979, 981]",1.3659,9,FALSE,FALSE,03-04-2026,13:42:13
sym9_148,10,210,PMGF,2478,Directed,2454,99.031477,16,"[986, 877, 759, 957, 975, 891, 823, 747, 878, 983, 758, 959, 985, 751, 1019, 991]",9.7526,20,FALSE,FALSE,03-04-2026,13:42:41
sym9_148,10,210,RGF,210,Directed,210,100,1,[1023],0.4905,2,FALSE,FALSE,03-04-2026,12:37:41
sym9_148,10,210,SAF,1932,Directed,1932,100,4,"[891, 660, 228, 868]",1.1538,1,FALSE,FALSE,03-04-2026,12:36:56
sym9_148,10,210,SMGF,210,Directed,210,100,1,[511],0.4015,3,FALSE,FALSE,03-04-2026,12:36:57
sym9_148,10,210,BF,3780,Random,3780,100,3,"[170, 692, 194]",1.2222,1,FALSE,FALSE,03-04-2026,11:08:45
sym9_148,10,210,CAF,1134,Random,1096,96.64902998,15,"[1011, 958, 893, 239, 991, 951, 894, 1021, 1019, 1007, 254, 887, 243, 1015, 895]",4.7457,20,FALSE,FALSE,03-04-2026,11:08:43
sym9_148,10,210,GAF,211,Random,211,100,4,"[766, 1019, 253, 919]",0.1414,1,FALSE,FALSE,03-04-2026,11:08:29
sym9_148,10,210,MMGF,419,Random,419,100,9,"[510, 509, 447, 508, 895, 958, 894, 957, 383]",2.4436,13,FALSE,FALSE,03-04-2026,11:08:03
sym9_148,10,210,PMGF,2478,Random,2450,98.8700565,14,"[762, 493, 375, 478, 443, 759, 351, 445, 451, 125, 446, 475, 1014, 699]",7.6483,20,FALSE,FALSE,03-04-2026,11:08:29
sym9_148,10,210,RGF,210,Random,210,100,1,[511],0.5221,4,FALSE,FALSE,03-04-2026,11:08:44
sym9_148,10,210,SAF,1932,Random,1932,100,5,"[950, 593, 175, 644, 447]",0.6273,1,FALSE,FALSE,03-04-2026,11:08:01
sym9_148,10,210,SMGF,210,Random,210,100,1,[1023],0.7415,4,FALSE,FALSE,03-04-2026,11:08:04
sys6-v0_144,10,15,BF,270,Directed,270,100,4,"[683, 831, 796, 925]",0.0119,1,FALSE,FALSE,02-04-2026,16:06:33
sys6-v0_144,10,15,CAF,107,Directed,107,100,10,"[191, 458, 133, 188, 178, 927, 61, 171, 306, 252]",2.5751,18,FALSE,FALSE,02-04-2026,16:06:33
sys6-v0_144,10,15,GAF,16,Directed,16,100,2,"[91, 452]",0.0098,1,FALSE,FALSE,02-04-2026,16:06:30
sys6-v0_144,10,15,MMGF,29,Directed,29,100,2,"[253, 118]",0.0026,1,FALSE,FALSE,02-04-2026,16:06:30
sys6-v0_144,10,15,PMGF,31,Directed,31,100,6,"[610, 751, 530, 787, 750, 131]",0.161,2,FALSE,FALSE,02-04-2026,16:06:30
sys6-v0_144,10,15,RGF,15,Directed,15,100,2,"[533, 700]",0.0037,1,FALSE,FALSE,02-04-2026,16:06:33
sys6-v0_144,10,15,SAF,86,Directed,86,100,4,"[962, 443, 853, 736]",0.0091,1,FALSE,FALSE,02-04-2026,16:06:30
sys6-v0_144,10,15,SMGF,15,Directed,15,100,4,"[435, 970, 928, 854]",0.006,1,FALSE,FALSE,02-04-2026,16:06:30
sys6-v0_144,10,15,BF,270,Random,270,100,4,"[628, 472, 754, 459]",0.011,1,FALSE,FALSE,02-04-2026,16:01:36
sys6-v0_144,10,15,CAF,107,Random,107,100,10,"[191, 124, 133, 234, 63, 148, 11, 92, 58, 82]",1.8884,15,FALSE,FALSE,02-04-2026,16:01:36
sys6-v0_144,10,15,GAF,16,Random,16,100,2,"[429, 721]",0.0068,1,FALSE,FALSE,02-04-2026,16:01:35
sys6-v0_144,10,15,MMGF,29,Random,29,100,4,"[824, 284, 285, 56]",0.0016,1,FALSE,FALSE,02-04-2026,16:01:34
sys6-v0_144,10,15,PMGF,31,Random,31,100,4,"[51, 142, 9, 131]",0.1351,2,FALSE,FALSE,02-04-2026,16:01:35
sys6-v0_144,10,15,RGF,15,Random,15,100,4,"[249, 332, 744, 979]",0.0032,1,FALSE,FALSE,02-04-2026,16:01:36
sys6-v0_144,10,15,SAF,86,Random,86,100,4,"[979, 301, 337, 612]",0.005,1,FALSE,FALSE,02-04-2026,16:01:34
sys6-v0_144,10,15,SMGF,15,Random,15,100,2,"[606, 829]",0.0036,1,FALSE,FALSE,02-04-2026,16:01:34
sys6-v0_144,10,15,MBF,840,Random,840,100,3,"[171, 263, 140]",0.0632,1,FALSE,FALSE,03-04-2026,23:47:38
sys6-v0_144,10,15,MBF,840,Directed,840,100,3,"[784, 688, 312]",0.0599,1,FALSE,FALSE,03-04-2026,23:58:22
urf2_277,8,3144,BF,44016,Directed,44016,100,10,"[104, 123, 51, 105, 62, 23, 32, 59, 122, 167]",210.9765,1,FALSE,FALSE,03-04-2026,14:29:10
urf2_277,8,3144,GAF,3145,Directed,3145,100,8,"[96, 44, 158, 188, 59, 208, 144, 130]",15.3597,1,FALSE,FALSE,03-04-2026,14:17:36
urf2_277,8,3144,MMGF,6287,Directed,6287,100,9,"[175, 124, 77, 212, 39, 78, 3, 28, 151]",32.1382,1,FALSE,FALSE,03-04-2026,13:05:42
urf2_277,8,3144,PMGF,5139,Directed,5025,97.78166959,14,"[40, 1, 200, 46, 3, 86, 195, 0, 67, 168, 214, 201, 33, 35]",116.5698,20,FALSE,FALSE,03-04-2026,14:17:20
urf2_277,8,3144,RGF,3144,Directed,3119,99.20483461,15,"[142, 129, 46, 47, 243, 55, 143, 242, 108, 65, 240, 246, 209, 111, 128]",59.2868,20,FALSE,FALSE,03-04-2026,14:25:39
urf2_277,8,3144,SAF,13842,Directed,13842,100,9,"[251, 72, 92, 189, 235, 87, 43, 204, 188]",70.8713,1,FALSE,FALSE,03-04-2026,13:05:09
urf2_277,8,3144,SMGF,3144,Directed,3129,99.52290076,14,"[196, 0, 101, 229, 198, 38, 39, 63, 228, 56, 191, 68, 48, 36]",49.8688,20,FALSE,FALSE,03-04-2026,14:12:15
urf2_277,8,3144,BF,44016,Random,44016,100,11,"[131, 41, 137, 219, 212, 150, 6, 196, 84, 129, 73]",226.7134,1,FALSE,FALSE,03-04-2026,12:04:20
urf2_277,8,3144,GAF,3145,Random,3145,100,10,"[6, 118, 75, 73, 244, 121, 40, 116, 252, 83]",13.949,1,FALSE,FALSE,03-04-2026,11:52:11
urf2_277,8,3144,MMGF,6287,Random,6287,100,9,"[179, 44, 205, 175, 47, 178, 63, 174, 140]",28.862,1,FALSE,FALSE,03-04-2026,11:44:13
urf2_277,8,3144,PMGF,5139,Random,5023,97.74275151,16,"[17, 197, 54, 202, 55, 205, 74, 47, 193, 46, 203, 49, 18, 109, 209, 101]",121.0462,20,FALSE,FALSE,03-04-2026,11:51:57
urf2_277,8,3144,RGF,3144,Random,3124,99.36386768,13,"[118, 16, 53, 29, 35, 157, 100, 181, 6, 102, 7, 38, 158]",78.586,20,FALSE,FALSE,03-04-2026,12:00:33
urf2_277,8,3144,SAF,13842,Random,13842,100,11,"[131, 99, 6, 25, 98, 97, 129, 12, 70, 37, 32]",67.082,1,FALSE,FALSE,03-04-2026,11:43:45
urf2_277,8,3144,SMGF,3144,Random,3127,99.45928753,13,"[175, 134, 131, 198, 172, 103, 173, 169, 108, 102, 3, 167, 187]",54.3174,20,FALSE,FALSE,03-04-2026,11:46:49
